"Jokic, Nikola",1,0.83,"Jokic, Nikola",DEN,27,69,33.7,24.5,0.83,.383,11.8,9.8,1.26,0.68,.632,14.8,.822,6.0,3.6,2.5,1.16,-0.74,2.46,2.60,0.72,0.07,2.83,0.35,-1.99
"Embiid, Joel",2,0.82,"Embiid, Joel",PHI,28,66,34.6,33.1,1.00,.330,10.2,4.2,1.00,1.70,.548,20.1,.857,11.7,3.4,3.1,2.46,-0.58,1.77,0.09,0.06,2.06,1.51,1.81,-1.78
"Gilgeous-Alexander, Shai",3,0.73,"Gilgeous-Alexander, Shai",OKC,24,69,35.6,31.4,0.87,.347,4.8,5.4,1.67,0.96,.510,20.3,.906,10.8,2.8,2.8,2.21,-0.70,-0.42,0.65,1.75,0.61,0.44,3.12,-1.06
"Davis, Anthony",4,0.69,"Davis, Anthony",LAL,29,57,34.2,25.9,0.33,.253,12.6,2.7,1.05,2.05,.562,17.2,.782,7.9,2.2,2.6,1.37,-1.20,2.77,-0.57,0.20,2.75,1.62,-0.39,-0.34
"Durant, Kevin",5,0.69,"Durant, Kevin",PHO,34,47,35.6,29.1,1.98,.404,6.6,5.0,0.72,1.45,.560,18.4,.919,7.1,3.3,2.1,1.85,0.33,0.32,0.47,-0.64,1.57,1.67,2.29,-1.65
"Curry, Stephen",6,0.60,"Curry, Stephen",GSW,34,56,34.7,29.4,4.88,.427,6.1,6.3,0.93,0.36,.493,20.2,.915,5.0,3.2,2.1,1.91,3.01,0.09,1.04,-0.12,-0.56,-0.02,1.55,-1.52
"Lillard, Damian",7,0.58,"Lillard, Damian",POR,32,58,36.3,32.2,4.21,.371,4.8,7.3,0.86,0.31,.463,20.7,.914,9.6,3.3,1.9,2.33,2.39,-0.45,1.50,-0.29,-0.65,-0.91,2.97,-1.64
"Irving, Kyrie",8,0.55,"Irving, Kyrie",DAL,30,60,37.3,27.1,3.13,.379,5.1,5.5,1.13,0.75,.494,20.1,.905,4.6,2.1,2.8,1.55,1.39,-0.33,0.69,0.40,0.21,-0.01,1.29,-0.25
"Haliburton, Tyrese",9,0.53,"Haliburton, Tyrese",IND,22,56,33.6,20.7,2.88,.400,3.7,10.4,1.63,0.45,.490,15.0,.867,3.6,2.5,1.2,0.58,1.15,-0.91,2.87,1.65,-0.39,-0.09,0.65,-0.71
"Tatum, Jayson",10,0.51,"Tatum, Jayson",BOS,24,74,36.9,30.1,3.24,.349,8.8,4.6,1.07,0.69,.466,21.1,.854,8.4,2.9,2.2,2.01,1.50,1.20,0.30,0.23,0.09,-0.82,1.22,-1.14
"Butler, Jimmy",11,0.49,"Butler, Jimmy",MIA,33,65,33.5,22.9,0.55,.346,5.8,5.4,1.83,0.34,.535,14.0,.850,8.7,1.6,1.2,0.91,-0.99,-0.02,0.63,2.17,-0.60,0.78,1.17,0.40
"Jackson, Jaren",12,0.48,"Jackson, Jaren",MEM,23,63,28.4,18.6,1.59,.355,6.7,1.0,1.03,3.00,.506,13.0,.788,4.9,1.7,3.6,0.26,-0.04,0.37,-1.32,0.14,4.61,0.21,-0.17,0.28
"Leonard, Kawhi",13,0.47,"Leonard, Kawhi",LAC,31,52,33.6,23.8,2.00,.416,6.5,3.9,1.38,0.54,.512,16.8,.871,5.4,1.7,1.6,1.05,0.35,0.26,-0.01,1.04,-0.21,0.41,1.03,0.28
"Porzingis, Kristaps",14,0.46,"Porzingis, Kristaps",WAS,27,65,32.6,23.2,2.11,.385,8.4,2.7,0.89,1.54,.498,15.7,.851,6.4,2.1,3.0,0.95,0.44,1.04,-0.56,-0.21,1.75,0.08,0.88,-0.20
"Mitchell, Donovan",15,0.41,"Mitchell, Donovan",CLE,26,68,35.8,28.3,3.60,.386,4.2,4.4,1.46,0.40,.484,20.6,.867,5.4,2.6,2.5,1.73,1.83,-0.67,0.21,1.22,-0.48,-0.29,0.97,-0.86
"Doncic, Luka",16,0.39,"Doncic, Luka",DAL,23,66,36.2,32.4,2.80,.342,8.6,8.0,1.36,0.50,.496,22.0,.742,10.5,3.6,2.5,2.36,1.09,1.14,1.80,0.99,-0.28,0.06,-1.66,-1.98
"Harden, James",17,0.39,"Harden, James",PHI,33,58,36.8,21.0,2.78,.385,6.1,10.7,1.22,0.53,.440,14.5,.867,6.2,3.4,1.9,0.62,1.06,0.10,2.97,0.63,-0.22,-1.10,1.12,-1.72
"Markkanen, Lauri",18,0.35,"Markkanen, Lauri",UTA,25,66,34.4,25.6,3.03,.391,8.6,1.9,0.64,0.58,.499,17.3,.875,6.0,1.9,2.1,1.33,1.30,1.14,-0.92,-0.86,-0.13,0.11,1.22,0.01
"Vanvleet, Fred",19,0.32,"Vanvleet, Fred",TOR,28,70,36.8,19.4,3.06,.346,4.2,7.2,1.79,0.56,.392,16.2,.889,4.1,2.0,2.8,0.39,1.32,-0.70,1.43,2.06,-0.17,-2.29,0.99,-0.14
"Turner, Myles",20,0.31,"Turner, Myles",IND,26,62,29.4,18.0,1.50,.373,7.5,1.4,0.58,2.26,.548,11.8,.783,4.5,1.7,3.5,0.16,-0.12,0.68,-1.11,-1.00,3.15,0.89,-0.22,0.32
"Lopez, Brook",21,0.29,"Lopez, Brook",MIL,34,78,30.4,15.9,1.74,.374,6.7,1.3,0.49,2.47,.531,11.5,.784,2.4,1.4,2.6,-0.16,0.11,0.33,-1.19,-1.24,3.58,0.58,-0.11,0.67
"Sabonis, Domantas",22,0.28,"Sabonis, Domantas",SAC,26,79,34.6,19.1,0.39,.373,12.3,7.3,0.82,0.49,.614,11.9,.742,5.5,2.9,3.5,0.34,-1.14,2.66,1.46,-0.39,-0.29,1.98,-0.88,-1.18
"James, LeBron",23,0.28,"James, LeBron",LAL,38,56,35.7,28.9,2.21,.324,8.3,6.8,0.91,0.61,.502,22.1,.770,5.9,3.3,1.7,1.83,0.54,1.01,1.27,-0.16,-0.07,0.23,-0.49,-1.61
"Claxton, Nicolas",24,0.26,"Claxton, Nicolas",BKN,23,76,29.9,12.6,0.00,.000,9.2,1.9,0.84,2.49,.705,7.7,.541,3.2,1.3,2.8,-0.65,-1.51,1.39,-0.91,-0.34,3.60,2.26,-2.29,0.80
"Vucevic, Nikola",25,0.25,"Vucevic, Nikola",CHI,32,83,33.6,17.6,1.46,.345,11.0,3.3,0.73,0.70,.519,14.0,.838,1.9,1.7,2.2,0.11,-0.16,2.13,-0.31,-0.61,0.11,0.48,0.19,0.29
"George, Paul",26,0.24,"George, Paul",LAC,32,56,34.6,23.8,2.82,.371,6.1,5.1,1.48,0.36,.457,17.9,.871,5.3,3.1,2.8,1.05,1.11,0.10,0.53,1.29,-0.56,-0.92,1.00,-1.46
"DeRozan, DeMar",27,0.19,"DeRozan, DeMar",CHI,33,75,36.3,24.5,0.61,.322,4.7,5.1,1.11,0.52,.505,17.6,.869,7.0,2.1,2.5,1.16,-0.94,-0.49,0.50,0.33,-0.24,0.25,1.32,-0.15
"Booker, Devin",28,0.18,"Booker, Devin",PHO,26,53,34.6,27.8,2.09,.351,4.5,5.5,0.96,0.34,.494,20.1,.855,6.8,2.7,3.0,1.65,0.43,-0.55,0.70,-0.03,-0.60,-0.01,1.00,-0.97
"Towns, Karl-Anthony",29,0.17,"Towns, Karl-Anthony",MIN,27,30,33.3,20.9,2.07,.369,8.2,4.8,0.67,0.67,.500,14.7,.879,4.7,2.9,3.9,0.60,0.41,0.98,0.39,-0.78,0.04,0.11,1.01,-1.21
"Bridges, Mikal",30,0.17,"Bridges, Mikal",BKN,26,83,35.7,20.1,2.04,.382,4.4,3.3,1.11,0.73,.468,15.3,.895,4.3,1.5,1.9,0.49,0.38,-0.61,-0.29,0.34,0.18,-0.56,1.09,0.48
"Anunoby, O.G.",31,0.16,"Anunoby, O.G.",TOR,25,68,35.7,16.7,2.12,.385,4.9,2.0,1.90,0.75,.473,13.2,.817,2.6,2.0,3.0,-0.03,0.45,-0.38,-0.87,2.34,0.21,-0.40,0.11,-0.03
"Ball, LaMelo",32,0.15,"Ball, LaMelo",CHA,21,36,35.2,23.3,4.00,.376,6.4,8.4,1.25,0.28,.411,20.0,.836,3.4,3.6,3.3,0.97,2.20,0.23,1.99,0.70,-0.72,-2.33,0.32,-1.99
"Paul, Chris",33,0.15,"Paul, Chris",PHO,37,59,32.0,13.9,1.66,.375,4.3,8.9,1.54,0.37,.440,11.3,.831,2.7,1.9,2.1,-0.46,0.03,-0.66,2.19,1.44,-0.53,-0.86,0.22,0.00
"Adebayo, Bam",34,0.15,"Adebayo, Bam",MIA,25,76,34.7,20.3,0.01,.083,9.2,3.2,1.21,0.84,.539,14.8,.803,5.3,2.5,2.8,0.51,-1.49,1.36,-0.33,0.60,0.39,0.92,0.03,-0.64
"Allen, Jarrett",35,0.15,"Allen, Jarrett",CLE,24,68,32.6,14.3,0.01,.100,9.8,1.7,0.78,1.24,.644,9.2,.733,3.3,1.4,2.3,-0.41,-1.49,1.61,-1.01,-0.50,1.16,1.91,-0.60,0.68
"Bane, Desmond",36,0.14,"Bane, Desmond",MEM,24,58,31.8,21.5,2.86,.408,5.0,4.4,0.97,0.38,.479,16.2,.883,3.5,2.2,2.6,0.70,1.14,-0.35,0.19,-0.02,-0.52,-0.34,0.79,-0.29
"Mays, Skylar",37,0.13,"Mays, Skylar",POR,25,6,31.5,15.3,2.00,.462,3.2,8.3,1.00,0.17,.500,11.3,.923,2.2,1.7,1.8,-0.24,0.35,-1.11,1.94,0.06,-0.93,0.09,0.72,0.32
"Murray, Dejounte",38,0.12,"Murray, Dejounte",ATL,26,75,36.4,20.4,1.81,.344,5.3,6.1,1.49,0.27,.463,17.8,.828,2.6,2.2,1.5,0.54,0.17,-0.25,0.93,1.31,-0.74,-0.77,0.19,-0.28
"Holiday, Jrue",39,0.12,"Holiday, Jrue",MIL,32,67,32.6,19.3,2.36,.384,5.1,7.4,1.18,0.37,.479,15.3,.859,2.6,2.9,1.7,0.36,0.68,-0.32,1.52,0.52,-0.53,-0.33,0.41,-1.22
"Gilyard, Jacob",40,0.11,"Gilyard, Jacob",MEM,24,1,40.8,3.0,1.00,.333,4.0,7.0,3.00,0.00,.333,3.0,.000,0.0,2.0,3.0,-2.12,-0.58,-0.77,1.35,5.14,-1.26,-0.68,-0.01,-0.09
"Capela, Clint",41,0.10,"Capela, Clint",ATL,28,66,26.6,11.9,0.00,.000,11.2,0.9,0.68,1.23,.653,8.2,.585,2.0,0.8,2.1,-0.77,-1.51,2.19,-1.35,-0.74,1.14,1.80,-1.20,1.32
"Fox, De'Aaron",42,0.08,"Fox, De'Aaron",SAC,25,73,33.4,25.0,1.63,.325,4.2,6.1,1.14,0.32,.513,18.2,.780,6.0,2.5,2.4,1.24,0.00,-0.69,0.96,0.41,-0.64,0.47,-0.34,-0.66
"Edwards, Anthony",43,0.08,"Edwards, Anthony",MIN,21,80,36.1,24.4,2.66,.362,5.8,4.4,1.58,0.78,.455,19.5,.756,5.3,3.3,2.4,1.15,0.96,-0.01,0.22,1.52,0.26,-1.05,-0.65,-1.65
"Brunson, Jalen",44,0.07,"Brunson, Jalen",NYK,26,68,35.0,24.0,1.97,.416,3.5,6.2,0.90,0.22,.492,17.6,.829,5.8,2.1,2.2,1.08,0.32,-0.95,0.99,-0.20,-0.83,-0.06,0.45,-0.19
"Siakam, Pascal",45,0.06,"Siakam, Pascal",TOR,28,72,37.4,24.3,1.31,.324,7.8,5.9,0.92,0.50,.482,18.5,.767,6.7,2.4,3.2,1.13,-0.30,0.82,0.85,-0.15,-0.28,-0.33,-0.61,-0.55
"Murphy, Trey",46,0.06,"Murphy, Trey",NOR,22,80,31.1,14.6,2.58,.406,3.6,1.4,1.13,0.54,.482,10.2,.908,2.4,0.8,2.0,-0.35,0.88,-0.95,-1.12,0.38,-0.21,-0.18,0.70,1.39
"LaVine, Zach",47,0.06,"LaVine, Zach",CHI,27,78,36.0,25.0,2.64,.374,4.5,4.2,0.90,0.23,.486,18.1,.849,5.7,2.5,2.1,1.24,0.94,-0.55,0.12,-0.20,-0.81,-0.20,0.74,-0.73
"Garland, Darius",48,0.06,"Garland, Darius",CLE,22,69,35.5,21.6,2.45,.410,2.7,7.8,1.26,0.13,.462,16.4,.863,4.7,2.9,2.1,0.72,0.76,-1.31,1.71,0.72,-1.01,-0.73,0.79,-1.15
"Brown, Jaylen",49,0.05,"Brown, Jaylen",BOS,26,67,35.9,26.6,2.43,.335,6.9,3.5,1.10,0.39,.491,20.6,.765,5.1,2.9,2.6,1.48,0.75,0.41,-0.21,0.33,-0.50,-0.09,-0.50,-1.22
"Hield, Buddy",50,0.05,"Hield, Buddy",IND,29,80,31.0,16.8,3.60,.425,5.0,2.8,1.15,0.33,.458,13.0,.822,1.6,1.7,2.0,-0.02,1.83,-0.35,-0.50,0.44,-0.62,-0.66,0.09,0.23
"Young, Trae",51,0.04,"Young, Trae",ATL,24,74,34.8,26.2,2.09,.330,3.0,10.1,1.08,0.12,.430,19.0,.886,8.8,4.1,1.4,1.42,0.43,-1.16,2.73,0.27,-1.02,-1.71,2.03,-2.64
"Mobley, Evan",52,0.04,"Mobley, Evan",CLE,21,79,34.4,16.2,0.28,.216,9.0,2.8,0.76,1.51,.554,12.0,.675,3.9,1.8,2.8,-0.11,-1.25,1.30,-0.50,-0.55,1.69,0.99,-1.32,0.10
"Robinson, Mitchell",53,0.03,"Robinson, Mitchell",NYK,24,59,26.9,7.4,0.00,.000,9.4,0.9,0.95,1.85,.671,4.7,.484,2.1,0.7,2.7,-1.45,-1.51,1.46,-1.34,-0.07,2.35,1.16,-1.79,1.49
"Harrison, Shaquille",54,0.03,"Harrison, Shaquille",POR,29,5,24.0,8.8,0.60,.300,4.4,6.0,2.20,0.40,.417,7.2,.733,3.0,1.2,2.4,-1.24,-0.95,-0.60,0.91,3.11,-0.48,-0.78,-0.55,0.88
"Ayton, Deandre",55,0.03,"Ayton, Deandre",PHO,24,67,30.4,18.0,0.10,.292,10.0,1.7,0.55,0.81,.589,13.2,.760,3.0,1.8,2.8,0.16,-1.41,1.69,-0.99,-1.07,0.32,1.73,-0.33,0.17
"Beal, Bradley",56,0.03,"Beal, Bradley",WAS,29,50,33.5,23.2,1.60,.364,3.9,5.4,0.90,0.66,.506,17.6,.842,4.6,2.9,2.1,0.96,-0.03,-0.80,0.65,-0.19,0.03,0.28,0.51,-1.17
"Kessler, Walker",57,0.02,"Kessler, Walker",UTA,21,74,23.0,9.2,0.01,.333,8.4,0.9,0.35,2.34,.720,5.6,.516,2.1,0.8,2.3,-1.18,-1.49,1.04,-1.34,-1.58,3.31,1.75,-1.67,1.38
"Johnson, Cameron",58,0.02,"Johnson, Cameron",BKN,26,42,28.6,15.5,2.45,.404,4.4,1.9,1.19,0.33,.470,11.3,.842,2.9,0.9,2.0,-0.22,0.76,-0.60,-0.92,0.55,-0.61,-0.38,0.31,1.26
"Gobert, Rudy",59,0.01,"Gobert, Rudy",MIN,30,70,30.7,13.4,0.00,.000,11.6,1.2,0.81,1.36,.659,7.8,.644,4.9,1.7,3.0,-0.53,-1.51,2.38,-1.20,-0.41,1.39,1.78,-2.07,0.22
"Ingram, Brandon",60,0.00,"Ingram, Brandon",NOR,25,46,34.3,24.8,1.41,.392,5.5,5.8,0.70,0.43,.485,18.5,.880,6.2,3.3,2.6,1.21,-0.20,-0.16,0.84,-0.71,-0.41,-0.23,1.33,-1.65
"Harris, Tobias",61,0.00,"Harris, Tobias",PHI,30,74,32.9,14.7,1.70,.389,5.7,2.5,0.92,0.54,.501,11.4,.876,1.7,1.2,2.0,-0.34,0.07,-0.05,-0.63,-0.14,-0.20,0.10,0.35,0.87
"Murray, Jamal",62,0.00,"Murray, Jamal",DEN,25,65,32.8,20.0,2.65,.398,3.9,6.2,1.03,0.25,.454,16.0,.833,3.3,2.2,1.6,0.47,0.94,-0.79,0.98,0.14,-0.78,-0.89,0.29,-0.36
"Horford, Al",63,-0.01,"Horford, Al",BOS,36,63,30.5,9.8,2.30,.446,6.2,3.0,0.48,0.97,.476,7.6,.714,0.3,0.6,1.9,-1.09,0.62,0.14,-0.42,-1.27,0.63,-0.20,-0.09,1.60
"Thompson, Klay",64,-0.01,"Thompson, Klay",GSW,32,69,33.0,21.9,4.36,.412,4.1,2.4,0.72,0.42,.436,18.1,.879,1.9,1.8,1.9,0.76,2.53,-0.71,-0.69,-0.64,-0.44,-1.47,0.40,0.18
"Wiggins, Andrew",65,-0.02,"Wiggins, Andrew",GSW,27,37,32.2,17.1,2.41,.396,5.0,2.3,1.22,0.76,.473,14.3,.611,1.9,1.3,2.9,0.03,0.72,-0.34,-0.73,0.61,0.22,-0.43,-1.01,0.76
"Williams, Robert",66,-0.02,"Williams, Robert",BOS,25,35,23.5,8.0,0.00,.000,8.3,1.4,0.63,1.37,.747,4.9,.610,1.2,1.0,1.9,-1.36,-1.51,1.02,-1.11,-0.88,1.42,1.70,-0.61,1.15
"Randle, Julius",67,-0.02,"Randle, Julius",NYK,28,77,35.6,25.1,2.83,.343,10.0,4.1,0.64,0.27,.460,18.6,.757,6.9,2.8,3.0,1.26,1.11,1.69,0.07,-0.86,-0.73,-0.89,-0.81,-1.05
"Grant, Jerami",68,-0.03,"Grant, Jerami",POR,28,63,35.6,20.5,2.29,.400,4.5,2.4,0.81,0.84,.475,14.5,.813,5.4,1.8,2.4,0.54,0.61,-0.56,-0.69,-0.42,0.38,-0.38,0.18,0.11
"King, Louis",69,-0.03,"King, Louis",PHI,23,1,28.8,20.0,4.00,.500,4.0,2.0,1.00,0.00,.615,13.0,.000,1.0,2.0,4.0,0.47,2.20,-0.77,-0.86,0.06,-1.26,2.18,-2.18,-0.09
"Gray, RaiQuan",70,-0.03,"Gray, RaiQuan",BKN,23,1,35.1,16.0,2.00,.400,9.0,7.0,0.00,1.00,.500,12.0,1.000,2.0,4.0,5.0,-0.14,0.35,1.29,1.35,-2.47,0.70,0.09,1.08,-2.49
"Williamson, Zion",71,-0.03,"Williamson, Zion",NOR,22,29,33.0,26.0,0.24,.368,7.0,4.6,1.10,0.55,.608,16.2,.714,8.6,3.4,2.2,1.39,-1.28,0.46,0.28,0.33,-0.18,2.55,-2.01,-1.79
"Okongwu, Onyeka",72,-0.03,"Okongwu, Onyeka",ATL,22,81,23.1,9.9,0.05,.308,7.2,1.0,0.70,1.37,.640,6.2,.783,2.4,1.0,3.1,-1.07,-1.46,0.54,-1.29,-0.69,1.42,1.25,-0.12,1.12
"Poeltl, Jakob",73,-0.03,"Poeltl, Jakob",TOR,27,73,26.6,12.4,0.00,.000,9.1,2.7,0.90,1.21,.630,8.5,.591,2.8,1.8,2.7,-0.69,-1.51,1.32,-0.53,-0.18,1.10,1.60,-1.59,0.18
"Dunn, Kris",74,-0.03,"Dunn, Kris",UTA,28,22,25.8,13.2,0.77,.472,4.5,5.6,1.14,0.45,.537,9.8,.774,2.4,1.6,2.6,-0.57,-0.79,-0.54,0.75,0.41,-0.37,0.58,-0.18,0.41
"Wright, Delon",75,-0.03,"Wright, Delon",WAS,30,50,24.4,7.3,0.80,.336,3.6,3.9,1.84,0.34,.471,5.8,.867,1.2,0.9,1.2,-1.46,-0.77,-0.93,-0.03,2.19,-0.60,-0.20,0.21,1.26
"Herro, Tyler",76,-0.05,"Herro, Tyler",MIA,22,68,34.9,20.2,3.01,.375,5.4,4.1,0.78,0.24,.441,16.6,.934,2.7,2.4,1.5,0.50,1.28,-0.20,0.08,-0.50,-0.80,-1.24,0.97,-0.55
"Maxey, Tyrese",77,-0.05,"Maxey, Tyrese",PHI,22,60,33.6,20.3,2.67,.432,2.9,3.5,0.82,0.13,.481,15.2,.845,3.6,1.3,2.2,0.52,0.96,-1.20,-0.18,-0.40,-1.00,-0.29,0.43,0.72
"Williams, Jalen",78,-0.05,"Williams, Jalen",OKC,21,76,30.5,14.0,0.96,.348,4.5,3.3,1.38,0.47,.517,10.6,.810,2.6,1.6,2.5,-0.44,-0.62,-0.57,-0.29,1.03,-0.33,0.33,0.06,0.36
"Anderson, Kyle",79,-0.05,"Anderson, Kyle",MIN,29,70,28.6,9.4,0.64,.409,5.3,5.0,1.17,0.96,.505,7.3,.735,1.9,1.5,2.2,-1.14,-0.91,-0.22,0.45,0.50,0.61,0.10,-0.35,0.48
"Porter, Michael",80,-0.06,"Porter, Michael",DEN,24,62,29.0,17.4,3.03,.414,5.5,1.0,0.60,0.47,.487,13.2,.800,1.9,1.1,1.9,0.08,1.30,-0.15,-1.28,-0.96,-0.35,-0.13,-0.01,1.00
"Trent, Gary",81,-0.06,"Trent, Gary",TOR,23,67,31.9,17.2,2.48,.365,2.6,1.6,1.55,0.22,.431,14.1,.839,3.1,0.8,1.5,0.04,0.79,-1.34,-1.04,1.46,-0.82,-1.24,0.32,1.33
"Vassell, Devin",82,-0.06,"Vassell, Devin",SAS,22,38,31.0,18.5,2.71,.387,3.9,3.6,1.13,0.45,.439,15.7,.780,2.6,1.5,1.5,0.24,1.00,-0.81,-0.16,0.40,-0.39,-1.21,-0.15,0.52
"Russell, D'Angelo",83,-0.07,"Russell, D'Angelo",LAL,26,72,32.3,17.6,2.69,.394,3.0,6.2,0.97,0.42,.467,13.3,.829,3.0,2.6,1.9,0.10,0.99,-1.16,1.00,-0.01,-0.45,-0.51,0.23,-0.79
"Melton, De'Anthony",84,-0.07,"Melton, De'Anthony",PHI,24,77,27.9,10.1,2.04,.390,4.1,2.6,1.64,0.53,.425,8.5,.793,1.1,1.3,2.5,-1.03,0.38,-0.74,-0.60,1.68,-0.22,-0.81,-0.03,0.73
"Sengun, Alperen",85,-0.07,"Sengun, Alperen",HOU,20,75,28.9,14.8,0.25,.333,9.0,3.9,0.93,0.92,.553,10.7,.715,3.8,2.6,3.4,-0.32,-1.27,1.31,-0.03,-0.11,0.54,0.87,-0.89,-0.76
"Barnes, Scottie",86,-0.09,"Barnes, Scottie",TOR,21,78,34.9,15.4,0.82,.283,6.7,4.8,1.09,0.79,.457,13.2,.767,3.2,2.0,2.2,-0.24,-0.75,0.34,0.36,0.29,0.29,-0.69,-0.30,-0.09
"White, Derrick",87,-0.09,"White, Derrick",BOS,28,82,28.3,12.4,1.82,.381,3.6,3.9,0.65,0.93,.462,9.2,.875,2.3,1.2,2.2,-0.69,0.18,-0.94,-0.01,-0.83,0.55,-0.42,0.47,0.93
"Wood, Christian",88,-0.09,"Wood, Christian",DAL,27,67,25.9,16.6,1.57,.376,7.3,1.8,0.45,1.07,.515,11.5,.772,4.2,1.8,2.5,-0.04,-0.06,0.60,-0.95,-1.34,0.84,0.33,-0.33,0.15
"McCollum, CJ",89,-0.09,"McCollum, CJ",NOR,31,76,35.4,20.8,2.79,.386,4.3,5.7,0.95,0.51,.436,17.9,.769,3.2,2.4,2.1,0.60,1.08,-0.62,0.78,-0.07,-0.26,-1.46,-0.28,-0.58
"Porter, Kevin",90,-0.09,"Porter, Kevin",HOU,22,59,34.3,19.2,2.39,.366,5.3,5.7,1.39,0.29,.442,15.0,.784,4.5,3.2,2.6,0.34,0.71,-0.22,0.79,1.05,-0.70,-1.08,-0.20,-1.51
"Huerter, Kevin",91,-0.10,"Huerter, Kevin",SAC,24,75,29.4,15.2,2.73,.402,3.3,2.9,1.07,0.32,.485,11.5,.725,1.7,1.3,2.4,-0.26,1.02,-1.03,-0.44,0.23,-0.63,-0.15,-0.36,0.77
"Hart, Josh",92,-0.10,"Hart, Josh",NYK,27,76,32.3,9.8,0.80,.372,7.8,3.8,1.16,0.28,.529,6.8,.750,2.3,1.5,2.6,-1.09,-0.76,0.80,-0.06,0.46,-0.72,0.32,-0.32,0.47
"Dinwiddie, Spencer",93,-0.11,"Dinwiddie, Spencer",BKN,29,79,34.5,17.3,2.29,.369,3.4,6.5,0.85,0.30,.438,13.3,.812,4.2,1.8,2.4,0.06,0.61,-1.01,1.13,-0.32,-0.67,-1.04,0.13,0.13
"Conley, Mike",94,-0.11,"Conley, Mike",MIN,35,68,30.5,12.1,2.07,.393,2.7,6.7,1.12,0.22,.432,9.1,.837,2.5,1.6,2.1,-0.74,0.41,-1.29,1.21,0.36,-0.83,-0.79,0.25,0.45
"Morant, Ja",95,-0.11,"Morant, Ja",MEM,23,61,31.9,26.2,1.51,.307,5.9,8.1,1.08,0.26,.466,19.9,.749,8.2,3.4,1.6,1.41,-0.11,0.00,1.83,0.27,-0.75,-0.77,-1.14,-1.74
"Fultz, Markelle",96,-0.12,"Fultz, Markelle",ORL,24,60,29.6,14.0,0.45,.310,3.9,5.7,1.45,0.43,.514,11.3,.783,2.4,2.3,2.2,-0.45,-1.09,-0.81,0.77,1.20,-0.41,0.31,-0.12,-0.47
"Simons, Anfernee",97,-0.12,"Simons, Anfernee",POR,23,62,35.0,21.1,3.42,.377,2.6,4.1,0.68,0.23,.447,16.9,.894,2.9,2.1,2.3,0.63,1.66,-1.34,0.06,-0.76,-0.82,-1.11,0.73,-0.16
"Washington, PJ",98,-0.12,"Washington, PJ",CHA,24,73,32.6,15.7,2.04,.347,4.9,2.4,0.90,1.08,.443,13.4,.730,2.4,1.5,2.6,-0.19,0.38,-0.39,-0.69,-0.18,0.86,-0.95,-0.46,0.51
"Rozier, Terry",99,-0.13,"Rozier, Terry",CHA,28,63,35.3,21.1,2.62,.325,4.1,5.1,1.19,0.25,.415,18.9,.809,3.5,2.1,1.9,0.64,0.92,-0.72,0.49,0.55,-0.76,-2.09,0.08,-0.24
"Jones, Tre",100,-0.13,"Jones, Tre",SAS,22,68,29.2,12.9,0.66,.285,3.6,6.6,1.31,0.15,.459,10.9,.860,2.5,1.6,1.4,-0.62,-0.89,-0.92,1.18,0.85,-0.97,-0.54,0.41,0.37
"Green, Draymond",101,-0.13,"Green, Draymond",GSW,32,73,31.5,8.5,0.55,.305,7.2,6.8,1.00,0.82,.527,6.5,.713,1.5,2.8,3.1,-1.29,-1.00,0.55,1.29,0.06,0.35,0.29,-0.36,-1.04
"Oubre, Kelly",102,-0.13,"Oubre, Kelly",CHA,27,48,32.2,20.3,2.25,.319,5.2,1.1,1.40,0.38,.432,17.0,.760,4.3,1.3,2.9,0.51,0.58,-0.28,-1.25,1.07,-0.53,-1.49,-0.48,0.72
"Caldwell-Pope, Kentavious",103,-0.13,"Caldwell-Pope, Kentavious",DEN,29,76,31.3,10.8,1.78,.423,2.8,2.4,1.47,0.46,.462,8.3,.824,1.6,1.1,1.9,-0.93,0.14,-1.28,-0.68,1.26,-0.36,-0.38,0.10,0.96
"Collins, John",104,-0.14,"Collins, John",ATL,25,72,29.9,13.1,0.99,.291,6.5,1.2,0.58,1.01,.508,9.9,.796,2.5,1.1,3.1,-0.59,-0.59,0.25,-1.21,-0.99,0.72,0.18,-0.04,1.00
"Carter, Wendell",105,-0.15,"Carter, Wendell",ORL,24,57,29.6,15.2,1.40,.354,8.7,2.3,0.53,0.58,.525,10.8,.738,3.4,1.9,2.8,-0.26,-0.21,1.18,-0.72,-1.14,-0.13,0.46,-0.58,0.08
"Brogdon, Malcolm",106,-0.15,"Brogdon, Malcolm",BOS,30,67,26.0,14.9,1.97,.444,4.2,3.7,0.67,0.27,.484,10.9,.870,2.7,1.4,1.6,-0.30,0.32,-0.69,-0.11,-0.77,-0.73,-0.17,0.51,0.58
"Bogdanovic, Bojan",107,-0.15,"Bogdanovic, Bojan",DET,33,59,32.1,21.6,2.46,.411,3.8,2.6,0.58,0.14,.488,14.9,.884,5.1,2.3,1.9,0.71,0.77,-0.86,-0.61,-1.01,-1.00,-0.13,1.17,-0.43
"Giddey, Josh",108,-0.15,"Giddey, Josh",OKC,20,77,31.3,16.8,1.03,.328,7.9,6.2,0.74,0.40,.482,14.8,.737,2.0,2.8,1.9,-0.02,-0.56,0.84,1.01,-0.60,-0.47,-0.24,-0.35,-0.99
"Zubac, Ivica",109,-0.15,"Zubac, Ivica",LAC,25,76,28.5,10.8,0.00,.000,9.9,1.0,0.38,1.29,.634,6.8,.697,3.1,1.5,2.9,-0.94,-1.51,1.68,-1.30,-1.51,1.26,1.31,-0.88,0.48
"Antetokounmpo, Giannis",110,-0.16,"Antetokounmpo, Giannis",MIL,28,63,32.1,31.1,0.75,.275,11.8,5.7,0.83,0.81,.553,20.3,.645,12.3,3.9,3.1,2.16,-0.82,2.44,0.78,-0.38,0.32,1.66,-5.17,-2.40
"Olynyk, Kelly",111,-0.16,"Olynyk, Kelly",UTA,31,68,28.6,12.5,1.37,.394,6.2,3.7,0.88,0.54,.499,8.2,.853,3.4,2.5,3.4,-0.68,-0.24,0.13,-0.11,-0.24,-0.20,0.05,0.49,-0.65
"Wagner, Franz",112,-0.16,"Wagner, Franz",ORL,21,80,32.6,18.6,1.63,.361,4.1,3.5,0.96,0.21,.485,14.0,.842,4.0,2.1,2.3,0.25,0.00,-0.72,-0.18,-0.03,-0.84,-0.18,0.45,-0.19
"Quickley, Immanuel",113,-0.16,"Quickley, Immanuel",NYK,23,81,28.9,14.9,2.07,.370,4.2,3.4,0.99,0.17,.448,11.6,.819,3.1,1.2,2.0,-0.30,0.41,-0.70,-0.22,0.03,-0.92,-0.75,0.15,0.84
"Jones, Herb",114,-0.17,"Jones, Herb",NOR,24,67,29.7,10.0,0.85,.331,4.1,2.5,1.55,0.64,.468,7.7,.766,2.5,1.4,3.2,-1.06,-0.72,-0.73,-0.64,1.46,-0.01,-0.29,-0.24,0.69
"Lowry, Kyle",115,-0.17,"Lowry, Kyle",MIA,36,56,31.3,11.6,2.02,.354,4.1,5.1,1.02,0.38,.413,8.9,.864,2.5,1.8,2.6,-0.81,0.36,-0.73,0.51,0.11,-0.53,-1.01,0.43,0.11
"Murray, Keegan",116,-0.18,"Murray, Keegan",SAC,22,80,29.8,12.2,2.58,.411,4.6,1.2,0.76,0.53,.453,9.8,.765,1.0,0.8,2.0,-0.72,0.88,-0.50,-1.20,-0.54,-0.23,-0.57,-0.10,1.42
"Valanciunas, Jonas",117,-0.18,"Valanciunas, Jonas",NOR,30,80,25.0,14.1,0.49,.355,10.3,1.8,0.25,0.65,.549,10.3,.823,2.8,2.0,3.1,-0.42,-1.05,1.82,-0.96,-1.84,0.01,0.78,0.17,-0.09
"Looney, Kevon",118,-0.18,"Looney, Kevon",GSW,26,82,23.9,7.0,0.00,.000,9.3,2.5,0.63,0.61,.630,4.7,.606,1.9,0.5,2.7,-1.50,-1.51,1.40,-0.63,-0.87,-0.07,0.88,-1.00,1.66
"Smart, Marcus",119,-0.18,"Smart, Marcus",BOS,28,61,32.1,11.5,1.89,.336,3.1,6.3,1.54,0.38,.415,9.9,.746,1.9,2.3,2.8,-0.82,0.24,-1.12,1.03,1.44,-0.52,-1.09,-0.29,-0.50
"DiVincenzo, Donte",120,-0.18,"DiVincenzo, Donte",GSW,25,72,26.3,9.4,2.08,.397,4.5,3.5,1.35,0.14,.435,7.5,.817,1.0,1.6,1.8,-1.14,0.42,-0.55,-0.20,0.94,-0.99,-0.62,0.04,0.45
"McDaniels, Jaden",121,-0.18,"McDaniels, Jaden",MIN,22,79,30.6,12.1,1.35,.396,3.9,1.9,0.94,0.95,.516,9.1,.736,1.8,1.4,3.4,-0.74,-0.25,-0.81,-0.92,-0.10,0.60,0.27,-0.33,0.62
"Portis, Bobby",122,-0.19,"Portis, Bobby",MIL,27,70,26.0,14.1,1.36,.370,9.6,1.5,0.41,0.23,.496,11.5,.768,1.8,1.2,1.6,-0.43,-0.25,1.54,-1.08,-1.42,-0.81,0.02,-0.16,0.93
"Gordon, Aaron",123,-0.21,"Gordon, Aaron",DEN,27,68,30.3,16.3,0.88,.347,6.6,3.0,0.79,0.76,.564,11.2,.609,4.6,1.4,1.9,-0.09,-0.69,0.29,-0.43,-0.46,0.23,1.08,-2.39,0.59
"Brown, Bruce",124,-0.21,"Brown, Bruce",DEN,26,80,28.5,11.5,1.14,.358,4.1,3.4,1.09,0.64,.483,9.3,.758,1.9,1.5,2.4,-0.82,-0.45,-0.72,-0.26,0.28,-0.01,-0.15,-0.23,0.47
"Anthony, Cole",125,-0.21,"Anthony, Cole",ORL,22,60,25.9,13.0,1.25,.364,4.8,3.9,0.62,0.52,.454,10.2,.894,2.8,1.5,2.6,-0.59,-0.35,-0.44,-0.01,-0.91,-0.25,-0.57,0.72,0.50
"Nurkic, Jusuf",126,-0.21,"Nurkic, Jusuf",POR,28,52,26.7,13.3,0.83,.361,9.1,2.9,0.83,0.85,.519,9.7,.661,3.7,2.3,3.6,-0.54,-0.74,1.32,-0.48,-0.38,0.39,0.33,-1.40,-0.43
"Bogdanovic, Bogdan",127,-0.22,"Bogdanovic, Bogdan",ATL,30,55,27.9,14.0,2.69,.402,3.0,2.8,0.80,0.33,.447,11.3,.835,1.4,1.2,1.6,-0.44,0.98,-1.17,-0.52,-0.44,-0.62,-0.75,0.13,0.90
"Caruso, Alex",128,-0.23,"Caruso, Alex",CHI,28,68,23.6,5.6,0.82,.361,2.9,2.9,1.47,0.71,.456,4.3,.808,1.1,1.1,2.4,-1.72,-0.74,-1.21,-0.48,1.26,0.12,-0.24,0.02,0.94
"Williams, Mark",129,-0.24,"Williams, Mark",CHA,21,43,19.3,9.0,0.00,.000,7.1,0.4,0.65,1.05,.637,5.8,.691,2.3,0.9,2.2,-1.21,-1.51,0.50,-1.56,-0.82,0.79,1.15,-0.68,1.20
"Bey, Saddiq",130,-0.25,"Bey, Saddiq",ATL,23,78,27.7,13.8,1.97,.361,4.7,1.5,0.90,0.17,.422,10.9,.861,3.1,0.9,1.6,-0.47,0.32,-0.47,-1.08,-0.20,-0.93,-1.11,0.50,1.23
"Barnes, Harrison",131,-0.25,"Barnes, Harrison",SAC,30,82,32.5,15.0,1.61,.374,4.5,1.6,0.70,0.12,.472,9.7,.847,5.0,1.0,1.3,-0.29,-0.02,-0.57,-1.06,-0.71,-1.02,-0.30,0.64,1.06
"Morris, Monte",132,-0.25,"Morris, Monte",WAS,27,62,27.3,10.3,1.26,.382,3.4,5.3,0.69,0.21,.480,8.3,.831,1.2,1.0,1.2,-1.01,-0.34,-1.02,0.58,-0.71,-0.85,-0.17,0.10,1.16
"Plumlee, Mason",133,-0.26,"Plumlee, Mason",LAC,32,79,26.0,10.8,0.00,.000,8.8,3.1,0.58,0.59,.680,6.1,.636,4.0,1.5,2.7,-0.92,-1.51,1.23,-0.37,-1.00,-0.10,1.57,-1.78,0.55
"Duren, Jalen",134,-0.26,"Duren, Jalen",DET,19,67,24.9,9.1,0.00,.000,8.9,1.1,0.66,0.88,.648,5.9,.611,2.3,1.4,2.7,-1.19,-1.51,1.24,-1.25,-0.81,0.46,1.26,-1.21,0.67
"Williams, Patrick",135,-0.26,"Williams, Patrick",CHI,21,83,28.3,10.2,1.41,.416,4.0,1.2,0.89,0.87,.462,8.3,.857,1.3,1.2,1.8,-1.03,-0.20,-0.79,-1.20,-0.21,0.44,-0.38,0.19,0.84
"ONeale, Royce",136,-0.26,"ONeale, Royce",BKN,29,76,31.7,8.8,2.14,.389,5.1,3.7,0.84,0.64,.386,7.8,.725,0.9,1.5,3.1,-1.23,0.48,-0.33,-0.09,-0.34,0.00,-1.18,-0.19,0.52
"Jones, Tyus",137,-0.27,"Jones, Tyus",MEM,26,80,24.2,10.3,1.51,.371,2.5,5.2,1.04,0.08,.438,8.9,.800,1.3,0.9,0.4,-1.01,-0.11,-1.38,0.56,0.16,-1.11,-0.70,-0.01,1.21
"Gafford, Daniel",138,-0.27,"Gafford, Daniel",WAS,24,78,20.6,9.0,0.00,.000,5.6,1.1,0.42,1.27,.732,5.1,.679,2.4,1.1,2.4,-1.20,-1.51,-0.12,-1.27,-1.40,1.22,1.66,-0.80,0.99
"Vanderbilt, Jarred",139,-0.27,"Vanderbilt, Jarred",LAL,23,79,24.1,7.8,0.37,.319,7.4,2.3,1.06,0.28,.544,5.7,.691,1.8,1.2,2.4,-1.38,-1.17,0.63,-0.71,0.22,-0.72,0.39,-0.53,0.83
"Nance, Larry",140,-0.27,"Nance, Larry",NOR,30,65,21.2,6.8,0.22,.333,5.4,1.8,0.86,0.57,.610,4.7,.696,1.2,0.6,2.0,-1.54,-1.31,-0.17,-0.94,-0.29,-0.15,0.75,-0.35,1.54
"Cunningham, Cade",141,-0.27,"Cunningham, Cade",DET,21,12,33.3,19.9,1.42,.279,6.2,6.0,0.83,0.58,.415,18.7,.837,3.6,3.3,2.8,0.46,-0.19,0.13,0.91,-0.36,-0.12,-2.05,0.35,-1.59
"Simmons, Ben",142,-0.28,"Simmons, Ben",BKN,26,42,26.3,6.9,0.00,.000,6.3,6.1,1.29,0.55,.566,5.6,.439,1.4,2.3,3.3,-1.52,-1.51,0.17,0.95,0.79,-0.19,0.55,-1.34,-0.46
"Smith Jr, Jabari",143,-0.29,"Smith Jr, Jabari",HOU,19,79,31.0,12.8,1.52,.307,7.2,1.3,0.54,0.95,.408,11.3,.786,2.6,1.3,2.9,-0.63,-0.10,0.55,-1.18,-1.09,0.60,-1.36,-0.11,0.74
"Kuzma, Kyle",144,-0.29,"Kuzma, Kyle",WAS,27,64,35.0,21.2,2.50,.333,7.3,3.7,0.56,0.45,.449,17.8,.730,3.7,3.0,2.3,0.65,0.81,0.57,-0.09,-1.05,-0.37,-1.13,-0.71,-1.25
"Allen, Grayson",145,-0.29,"Allen, Grayson",MIL,27,72,27.4,10.4,2.03,.399,3.3,2.3,0.86,0.19,.440,7.7,.905,1.8,1.0,1.6,-0.99,0.37,-1.06,-0.74,-0.29,-0.88,-0.59,0.49,1.12
"Collins, Zach",146,-0.29,"Collins, Zach",SAS,25,63,22.9,11.6,0.87,.374,6.4,2.8,0.59,0.78,.518,8.7,.761,2.3,2.0,3.2,-0.81,-0.70,0.22,-0.49,-0.98,0.26,0.28,-0.25,-0.14
"Middleton, Khris",147,-0.29,"Middleton, Khris",MIL,31,33,24.3,15.1,1.55,.315,4.2,4.9,0.70,0.15,.436,12.3,.902,3.1,2.1,2.1,-0.28,-0.08,-0.67,0.44,-0.71,-0.96,-1.00,0.85,-0.23
"Eubanks, Drew",148,-0.29,"Eubanks, Drew",POR,25,78,20.3,6.6,0.09,.389,5.4,1.3,0.53,1.31,.641,4.3,.664,1.6,0.9,2.2,-1.57,-1.42,-0.21,-1.16,-1.14,1.30,0.86,-0.60,1.29
"Poole, Jordan",149,-0.30,"Poole, Jordan",GSW,23,82,30.0,20.4,2.61,.336,2.7,4.5,0.77,0.26,.430,15.6,.870,5.1,3.1,2.6,0.54,0.91,-1.28,0.25,-0.52,-0.76,-1.39,0.95,-1.36
"Reaves, Austin",150,-0.30,"Reaves, Austin",LAL,24,65,29.0,13.0,1.34,.394,3.1,3.4,0.51,0.29,.522,7.8,.866,4.1,1.6,1.7,-0.60,-0.27,-1.15,-0.26,-1.19,-0.69,0.29,0.73,0.43
"Clarke, Brandon",151,-0.30,"Clarke, Brandon",MEM,26,56,19.5,10.0,0.02,.167,5.5,1.3,0.63,0.66,.656,6.2,.723,2.4,1.0,2.3,-1.06,-1.49,-0.13,-1.18,-0.89,0.03,1.40,-0.52,1.14
"Powell, Norman",152,-0.30,"Powell, Norman",LAC,29,60,26.1,17.0,1.90,.396,2.9,1.8,0.83,0.30,.479,11.8,.812,4.6,1.7,2.1,0.01,0.25,-1.21,-0.94,-0.36,-0.67,-0.26,0.15,0.30
"Grimes, Quentin",153,-0.30,"Grimes, Quentin",NYK,22,71,29.9,11.3,2.21,.386,3.2,2.1,0.66,0.37,.468,8.5,.796,1.4,1.0,2.5,-0.86,0.54,-1.08,-0.81,-0.79,-0.54,-0.31,-0.02,1.15
"Martin, Caleb",154,-0.31,"Martin, Caleb",MIA,27,72,29.3,9.5,1.17,.353,4.8,1.7,0.97,0.43,.461,7.7,.805,1.6,1.1,2.0,-1.13,-0.43,-0.42,-1.02,-0.01,-0.42,-0.36,0.01,1.00
"Eason, Tari",155,-0.31,"Eason, Tari",HOU,21,82,21.6,9.3,0.72,.343,6.0,1.1,1.17,0.56,.448,8.0,.752,1.8,1.2,2.3,-1.16,-0.84,0.08,-1.27,0.50,-0.16,-0.52,-0.24,0.84
"Boucher, Chris",156,-0.31,"Boucher, Chris",TOR,29,77,19.9,9.2,0.81,.328,5.5,0.4,0.61,0.82,.493,6.9,.762,2.2,0.5,1.9,-1.17,-0.76,-0.16,-1.58,-0.93,0.34,-0.01,-0.23,1.68
"Hayward, Gordon",157,-0.32,"Hayward, Gordon",CHA,32,50,31.5,14.7,1.04,.327,4.3,4.1,0.84,0.24,.476,11.6,.811,3.2,2.0,1.4,-0.34,-0.54,-0.64,0.07,-0.34,-0.79,-0.30,0.09,-0.06
"Williams Jr., Jeenathan",158,-0.33,"Williams Jr., Jeenathan",POR,23,5,25.3,10.6,0.60,.375,3.0,2.0,0.60,0.40,.615,7.8,.667,0.6,0.8,2.6,-0.96,-0.95,-1.18,-0.86,-0.95,-0.48,1.31,-0.23,1.36
"Craig, Torrey",159,-0.33,"Craig, Torrey",PHO,32,79,24.7,7.4,1.27,.394,5.4,1.5,0.63,0.75,.456,6.3,.711,0.6,0.9,2.3,-1.44,-0.33,-0.20,-1.09,-0.87,0.20,-0.34,-0.15,1.22
"McDaniels, Jalen",160,-0.33,"McDaniels, Jalen",PHI,24,80,23.9,9.4,0.96,.332,4.3,1.6,1.03,0.43,.455,7.7,.841,1.7,1.1,2.6,-1.14,-0.62,-0.64,-1.03,0.13,-0.43,-0.42,0.18,0.95
"Reid, Naz",161,-0.34,"Reid, Naz",MIN,23,68,18.4,11.5,1.10,.346,4.9,1.1,0.62,0.78,.536,8.5,.677,1.9,1.4,2.6,-0.83,-0.49,-0.39,-1.25,-0.91,0.26,0.49,-0.63,0.69
"McConnell, TJ",162,-0.34,"McConnell, TJ",IND,30,75,20.3,8.7,0.35,.441,3.1,5.3,1.09,0.13,.543,6.9,.853,0.9,1.9,1.4,-1.26,-1.18,-1.13,0.60,0.30,-1.00,0.47,0.12,0.03
"Bagley, Marvin",163,-0.34,"Bagley, Marvin",DET,23,42,23.6,12.0,0.45,.288,6.4,0.9,0.45,0.71,.529,9.1,.750,2.6,1.1,1.9,-0.75,-1.09,0.22,-1.37,-1.33,0.14,0.43,-0.36,1.00
"LeVert, Caris",164,-0.34,"LeVert, Caris",CLE,28,74,30.3,12.1,1.72,.392,3.8,3.9,0.99,0.32,.431,10.0,.719,2.4,1.6,2.3,-0.73,0.08,-0.84,-0.03,0.03,-0.63,-0.88,-0.54,0.44
"Johnson, Keldon",165,-0.34,"Johnson, Keldon",SAS,23,63,32.7,22.0,2.13,.329,5.0,2.9,0.73,0.17,.452,17.7,.749,5.2,2.1,2.0,0.77,0.46,-0.33,-0.46,-0.62,-0.92,-1.04,-0.72,-0.24
"Hardaway Jr, Tim",166,-0.35,"Hardaway Jr, Tim",DAL,30,71,30.3,14.4,2.99,.385,3.5,1.8,0.69,0.17,.401,11.9,.770,2.3,0.8,1.7,-0.39,1.26,-0.96,-0.94,-0.72,-0.93,-1.54,-0.20,1.30
"Richardson, Josh",167,-0.35,"Richardson, Josh",NOR,29,66,23.4,10.0,1.64,.365,2.7,2.7,1.06,0.32,.434,8.5,.852,1.2,1.3,1.8,-1.05,0.01,-1.31,-0.55,0.22,-0.64,-0.72,0.16,0.74
"Smith Jr., Dennis",168,-0.35,"Smith Jr., Dennis",CHA,25,54,25.7,8.8,0.44,.216,3.1,4.8,1.41,0.46,.412,8.4,.736,2.0,1.5,2.3,-1.24,-1.09,-1.14,0.38,1.10,-0.36,-0.97,-0.35,0.49
"Huff, Jay",169,-0.35,"Huff, Jay",WAS,24,7,13.6,7.3,0.86,.500,3.0,1.4,0.43,0.57,.600,3.6,.938,2.3,0.7,2.1,-1.47,-0.71,-1.18,-1.11,-1.39,-0.14,0.52,0.85,1.46
"Stewart, Isaiah",170,-0.36,"Stewart, Isaiah",DET,21,50,28.3,11.3,1.34,.327,8.0,1.4,0.40,0.68,.442,8.8,.738,3.0,1.4,2.7,-0.85,-0.27,0.90,-1.13,-1.46,0.07,-0.64,-0.51,0.68
"Bol, Bol",171,-0.36,"Bol, Bol",ORL,23,70,21.5,9.1,0.43,.265,5.8,1.0,0.43,1.21,.546,6.8,.759,1.5,1.6,1.3,-1.20,-1.11,-0.03,-1.31,-1.39,1.11,0.48,-0.18,0.40
"Williams, Kenrich",172,-0.36,"Williams, Kenrich",OKC,28,53,22.8,8.0,0.94,.373,4.9,2.0,0.85,0.26,.519,6.5,.436,0.7,0.6,2.1,-1.36,-0.63,-0.39,-0.87,-0.32,-0.74,0.22,-0.74,1.59
"Adams, Steven",173,-0.36,"Adams, Steven",MEM,29,42,27.0,8.6,0.00,.000,11.6,2.3,0.86,1.10,.597,6.3,.364,3.1,1.9,2.3,-1.27,-1.51,2.35,-0.71,-0.30,0.88,0.89,-3.64,0.06
"Dort, Luguentz",174,-0.36,"Dort, Luguentz",OKC,23,75,30.8,13.9,1.85,.334,4.7,2.1,1.00,0.32,.391,11.8,.775,3.6,1.2,3.3,-0.46,0.21,-0.50,-0.83,0.06,-0.63,-1.70,-0.25,0.85
"Beverley, Patrick",175,-0.36,"Beverley, Patrick",CHI,34,68,27.1,6.1,1.19,.333,3.7,2.9,0.94,0.62,.397,5.4,.723,1.0,0.9,2.8,-1.64,-0.40,-0.90,-0.48,-0.09,-0.05,-0.73,-0.21,1.24
"Monk, Malik",176,-0.36,"Monk, Malik",SAC,24,77,22.3,13.5,1.86,.359,2.6,3.9,0.64,0.26,.448,10.3,.889,2.7,1.9,1.6,-0.52,0.21,-1.33,-0.03,-0.86,-0.75,-0.66,0.64,0.04
"Porter Jr, Otto",177,-0.36,"Porter Jr, Otto",TOR,29,8,18.3,5.5,0.75,.353,2.4,1.0,1.38,0.00,.500,3.8,1.000,1.0,0.5,0.9,-1.74,-0.81,-1.43,-1.30,1.01,-1.26,0.02,0.53,1.72
"Harris, Gary",178,-0.36,"Harris, Gary",ORL,28,48,24.7,8.3,1.96,.433,2.0,1.2,0.94,0.25,.451,6.4,.900,0.6,0.6,1.9,-1.32,0.31,-1.57,-1.20,-0.10,-0.77,-0.39,0.16,1.62
"Finney-Smith, Dorian",179,-0.36,"Finney-Smith, Dorian",BKN,29,66,30.4,8.3,1.73,.337,4.8,1.5,0.83,0.55,.391,7.6,.763,0.9,0.9,2.2,-1.31,0.09,-0.44,-1.07,-0.36,-0.19,-1.09,-0.10,1.19
"Pokusevski, Aleksej",180,-0.37,"Pokusevski, Aleksej",OKC,21,34,20.6,8.1,1.12,.365,4.7,1.9,0.59,1.26,.434,7.3,.629,1.0,1.3,1.7,-1.34,-0.47,-0.49,-0.91,-0.98,1.21,-0.62,-0.49,0.80
"Crowder, Jae",181,-0.37,"Crowder, Jae",MIL,32,18,18.9,6.9,1.33,.436,3.8,1.5,0.67,0.33,.479,5.2,.833,0.7,0.4,1.5,-1.53,-0.27,-0.83,-1.08,-0.78,-0.61,-0.12,0.05,1.85
"Martin Jr., Kenyon",182,-0.37,"Martin Jr., Kenyon",HOU,21,82,28.0,12.7,0.83,.315,5.5,1.5,0.50,0.37,.569,8.8,.680,2.7,1.1,1.8,-0.65,-0.74,-0.14,-1.09,-1.21,-0.54,0.91,-0.89,0.99
"Hayes, Killian",183,-0.37,"Hayes, Killian",DET,21,76,28.3,10.3,1.05,.280,2.9,6.2,1.38,0.37,.377,10.7,.821,1.5,2.3,2.9,-1.00,-0.53,-1.22,0.99,1.03,-0.54,-1.76,0.08,-0.42
"Aldama, Santi",184,-0.37,"Aldama, Santi",MEM,21,77,21.8,9.0,1.22,.353,4.8,1.3,0.57,0.62,.470,6.8,.750,1.9,0.8,1.9,-1.20,-0.38,-0.43,-1.19,-1.02,-0.04,-0.23,-0.26,1.38
"Clarkson, Jordan",185,-0.38,"Clarkson, Jordan",UTA,30,61,32.6,20.8,2.54,.338,4.0,4.4,0.54,0.21,.444,16.9,.816,4.0,3.0,2.0,0.60,0.85,-0.75,0.21,-1.10,-0.84,-1.18,0.17,-1.35
"Konchar, John",186,-0.38,"Konchar, John",MEM,26,72,20.7,5.1,0.83,.339,4.3,1.4,1.06,0.35,.431,4.4,.778,0.5,0.5,1.6,-1.81,-0.73,-0.65,-1.13,0.20,-0.58,-0.40,-0.04,1.70
"Burks, Alec",187,-0.38,"Burks, Alec",DET,31,51,22.0,12.8,1.94,.414,3.1,2.2,0.75,0.16,.436,9.0,.814,3.7,1.1,1.9,-0.63,0.29,-1.14,-0.77,-0.58,-0.95,-0.74,0.13,0.95
"Tillman, Xavier",188,-0.38,"Tillman, Xavier",MEM,23,61,19.3,7.0,0.07,.267,5.0,1.6,0.95,0.48,.614,5.0,.551,1.5,0.7,1.6,-1.51,-1.45,-0.34,-1.05,-0.06,-0.33,0.83,-1.00,1.45
"Hartenstein, Isaiah",189,-0.38,"Hartenstein, Isaiah",NYK,24,82,19.9,5.0,0.10,.216,6.5,1.2,0.65,0.78,.535,4.0,.676,0.9,0.8,2.6,-1.82,-1.42,0.28,-1.20,-0.83,0.27,0.22,-0.30,1.35
"Nesmith, Aaron",190,-0.39,"Nesmith, Aaron",IND,23,73,24.9,10.1,1.58,.366,3.8,1.3,0.75,0.47,.427,8.1,.838,1.9,1.0,3.2,-1.04,-0.05,-0.85,-1.15,-0.56,-0.35,-0.76,0.19,1.09
"Richards, Nick",191,-0.39,"Richards, Nick",CHA,25,65,18.7,8.2,0.02,1.000,6.4,0.6,0.17,1.11,.629,4.8,.749,2.8,0.9,2.4,-1.33,-1.49,0.22,-1.48,-2.04,0.91,0.90,-0.40,1.23
"Bryant, Thomas",192,-0.39,"Bryant, Thomas",DEN,25,59,18.3,9.8,0.44,.441,5.7,0.5,0.27,0.51,.623,6.3,.738,2.1,0.6,1.7,-1.08,-1.10,-0.05,-1.51,-1.79,-0.27,1.11,-0.37,1.55
"Kennard, Luke",193,-0.39,"Kennard, Luke",MEM,26,59,22.3,9.3,2.25,.494,2.7,1.5,0.54,0.08,.492,6.5,.949,0.7,0.8,1.4,-1.17,0.58,-1.31,-1.06,-1.10,-1.09,-0.03,0.26,1.38
"Avdija, Deni",194,-0.40,"Avdija, Deni",WAS,21,76,26.6,9.2,0.91,.297,6.4,2.8,0.86,0.38,.437,7.6,.739,2.2,1.6,2.8,-1.18,-0.67,0.23,-0.51,-0.30,-0.51,-0.61,-0.37,0.37
"Batum, Nicolas",195,-0.40,"Batum, Nicolas",LAC,34,78,21.9,6.1,1.59,.391,3.8,1.6,0.69,0.56,.420,4.9,.708,0.6,0.6,1.9,-1.64,-0.03,-0.83,-1.06,-0.72,-0.16,-0.51,-0.16,1.55
"Covington, Robert",196,-0.41,"Covington, Robert",LAC,32,48,16.2,6.0,1.13,.397,3.5,1.2,0.79,0.69,.445,4.8,.750,0.8,0.7,1.8,-1.66,-0.46,-0.98,-1.22,-0.47,0.08,-0.33,-0.12,1.52
"Wagner, Moritz",197,-0.41,"Wagner, Moritz",ORL,25,57,19.5,10.5,0.89,.313,4.5,1.5,0.65,0.23,.500,6.9,.841,3.2,1.2,2.4,-0.97,-0.68,-0.54,-1.09,-0.83,-0.81,0.05,0.34,0.89
"Kispert, Corey",198,-0.41,"Kispert, Corey",WAS,23,74,28.3,11.1,2.20,.423,2.8,1.2,0.43,0.12,.497,7.9,.852,1.2,0.8,1.3,-0.89,0.53,-1.26,-1.23,-1.38,-1.02,0.02,0.16,1.41
"Jackson, Isaiah",199,-0.41,"Jackson, Isaiah",IND,20,63,16.5,7.2,0.03,.143,4.5,0.8,0.48,1.48,.563,5.0,.651,2.3,0.8,2.4,-1.48,-1.48,-0.57,-1.39,-1.27,1.63,0.47,-0.95,1.35
"Hunter, De'Andre",200,-0.41,"Hunter, De'Andre",ATL,25,68,31.6,15.2,1.47,.347,4.3,1.4,0.51,0.25,.458,12.2,.824,3.1,1.2,3.0,-0.26,-0.14,-0.66,-1.12,-1.17,-0.77,-0.61,0.19,0.85
"Green, Jalen",201,-0.41,"Green, Jalen",HOU,20,76,34.2,22.1,2.46,.338,3.7,3.7,0.78,0.24,.417,17.9,.786,6.1,2.6,1.7,0.80,0.77,-0.87,-0.11,-0.50,-0.80,-1.92,-0.24,-0.85
"Morris, Marcus",202,-0.41,"Morris, Marcus",LAC,33,65,28.1,11.2,1.72,.365,4.0,1.8,0.65,0.32,.426,9.9,.782,1.3,0.9,2.1,-0.87,0.09,-0.78,-0.97,-0.83,-0.63,-0.94,-0.08,1.28
"Beasley, Malik",203,-0.42,"Beasley, Malik",LAL,26,82,25.7,12.6,2.88,.358,3.5,1.5,0.79,0.11,.396,11.5,.769,0.8,1.1,1.3,-0.66,1.16,-0.98,-1.08,-0.46,-1.05,-1.57,-0.08,0.99
"White, Coby",204,-0.42,"White, Coby",CHI,22,75,23.4,9.7,1.72,.374,2.8,2.8,0.73,0.08,.446,8.0,.871,0.9,1.0,1.7,-1.11,0.09,-1.25,-0.51,-0.61,-1.10,-0.54,0.17,1.12
"Strus, Max",205,-0.42,"Strus, Max",MIA,26,81,28.3,11.4,2.44,.349,3.2,2.1,0.52,0.15,.409,9.8,.876,1.1,0.9,2.1,-0.84,0.76,-1.08,-0.81,-1.16,-0.97,-1.17,0.22,1.28
"Carter, Jevon",206,-0.42,"Carter, Jevon",MIL,27,81,22.4,8.0,1.75,.421,2.5,2.4,0.81,0.37,.424,7.0,.816,0.5,1.0,2.0,-1.35,0.12,-1.39,-0.67,-0.41,-0.54,-0.69,0.01,1.15
"Suggs, Jalen",207,-0.42,"Suggs, Jalen",ORL,21,53,23.5,9.9,1.25,.327,3.0,2.9,1.26,0.51,.418,8.4,.723,2.2,1.8,2.3,-1.07,-0.35,-1.17,-0.45,0.73,-0.26,-0.90,-0.48,0.19
"Bates-Diop, Keita",208,-0.42,"Bates-Diop, Keita",SAS,26,67,21.7,9.7,0.84,.394,3.7,1.5,0.69,0.30,.508,6.9,.793,2.2,0.8,0.9,-1.11,-0.73,-0.89,-1.07,-0.73,-0.68,0.12,-0.05,1.32
"Westbrook, Russell",209,-0.43,"Westbrook, Russell",LAC,34,73,29.1,15.9,1.22,.311,5.8,7.5,1.04,0.45,.436,13.6,.658,4.3,3.5,2.2,-0.15,-0.38,-0.03,1.59,0.17,-0.38,-1.10,-1.68,-1.90
"Smith, Jalen",210,-0.43,"Smith, Jalen",IND,22,68,18.8,9.4,0.79,.283,5.8,1.0,0.31,0.88,.476,7.5,.759,2.0,1.1,2.3,-1.14,-0.77,-0.03,-1.32,-1.69,0.46,-0.19,-0.23,1.05
"Oladipo, Victor",211,-0.43,"Oladipo, Victor",MIA,30,43,25.9,10.4,1.63,.329,3.0,3.4,1.33,0.28,.396,9.4,.747,1.8,2.0,2.3,-0.99,0.00,-1.18,-0.23,0.89,-0.71,-1.29,-0.27,-0.11
"Schroder, Dennis",212,-0.43,"Schroder, Dennis",LAL,29,67,30.2,12.7,1.15,.336,2.5,4.5,0.76,0.15,.415,9.9,.862,3.9,1.7,2.2,-0.64,-0.44,-1.37,0.24,-0.54,-0.97,-1.10,0.64,0.29
"Brown, Troy",213,-0.44,"Brown, Troy",LAL,23,77,24.4,7.1,1.39,.377,4.1,1.3,0.79,0.21,.428,6.1,.872,0.5,0.6,1.6,-1.50,-0.22,-0.74,-1.19,-0.46,-0.85,-0.57,0.09,1.54
"Goodwin, Jordan",214,-0.44,"Goodwin, Jordan",WAS,24,62,17.8,6.6,0.61,.322,3.3,2.7,0.94,0.42,.448,5.7,.768,1.1,0.9,1.5,-1.58,-0.94,-1.05,-0.55,-0.10,-0.44,-0.38,-0.11,1.22
"Banchero, Paolo",215,-0.44,"Banchero, Paolo",ORL,20,72,33.7,20.0,1.18,.298,6.9,3.7,0.82,0.54,.427,15.6,.738,7.4,2.8,2.2,0.46,-0.41,0.43,-0.09,-0.40,-0.20,-1.46,-1.26,-1.02
"Joe, Isaiah",216,-0.44,"Joe, Isaiah",OKC,23,74,19.1,9.4,2.19,.408,2.4,1.2,0.65,0.11,.439,6.9,.820,1.4,0.5,1.4,-1.15,0.52,-1.43,-1.21,-0.83,-1.05,-0.54,0.06,1.67
"Nembhard, Andrew",217,-0.44,"Nembhard, Andrew",IND,22,75,27.6,9.5,1.23,.350,2.7,4.6,0.93,0.17,.441,8.6,.790,0.8,1.7,2.4,-1.14,-0.37,-1.32,0.27,-0.11,-0.92,-0.64,-0.03,0.30
"Bullock, Reggie",218,-0.45,"Bullock, Reggie",DAL,31,78,30.3,7.2,1.94,.380,3.6,1.4,0.69,0.17,.409,6.0,.703,0.5,0.5,2.1,-1.48,0.29,-0.92,-1.13,-0.72,-0.93,-0.72,-0.13,1.75
"Bassey, Charles",219,-0.45,"Bassey, Charles",SAS,22,35,14.5,5.7,0.09,.375,5.5,1.4,0.46,0.94,.644,3.9,.595,1.1,1.2,2.1,-1.71,-1.43,-0.14,-1.14,-1.31,0.58,0.80,-0.60,0.91
"Payton II, Gary",220,-0.45,"Payton II, Gary",GSW,30,22,16.8,4.6,0.59,.500,3.1,1.4,0.95,0.23,.594,3.1,.857,0.3,0.7,2.0,-1.88,-0.96,-1.12,-1.14,-0.05,-0.82,0.43,0.04,1.45
"Gordon, Eric",221,-0.45,"Gordon, Eric",LAC,34,69,28.5,12.4,1.91,.371,1.9,2.7,0.62,0.36,.446,9.5,.821,2.5,1.5,1.1,-0.69,0.26,-1.61,-0.57,-0.89,-0.55,-0.64,0.13,0.51
"Winslow, Justise",222,-0.45,"Winslow, Justise",POR,26,29,26.8,6.8,0.48,.318,5.0,3.4,1.03,0.38,.411,6.8,.714,1.0,1.5,3.1,-1.55,-1.06,-0.35,-0.25,0.15,-0.52,-0.79,-0.23,0.54
"York, Gabe",223,-0.45,"York, Gabe",IND,29,3,18.6,8.0,2.00,.333,2.0,1.7,0.67,0.00,.381,7.0,1.000,0.7,0.0,1.7,-1.36,0.35,-1.59,-1.01,-0.78,-1.26,-1.11,0.35,2.32
"Isaac, Jonathan",224,-0.45,"Isaac, Jonathan",ORL,25,11,11.3,5.0,0.55,.400,4.0,0.5,1.27,0.36,.415,4.8,.556,0.8,0.4,0.5,-1.82,-1.00,-0.77,-1.51,0.75,-0.55,-0.54,-0.55,1.88
"Williams, Grant",225,-0.45,"Williams, Grant",BOS,24,79,25.9,8.1,1.46,.395,4.6,1.7,0.52,0.39,.454,6.0,.770,1.5,1.0,2.4,-1.34,-0.16,-0.53,-1.01,-1.16,-0.49,-0.35,-0.13,1.07
"Alvarado, Jose",226,-0.46,"Alvarado, Jose",NOR,24,61,21.5,9.0,1.36,.336,2.3,3.0,1.10,0.16,.411,8.0,.813,1.3,1.3,2.0,-1.20,-0.25,-1.46,-0.40,0.31,-0.94,-0.93,0.04,0.72
"Ingles, Joe",227,-0.46,"Ingles, Joe",MIL,35,46,22.7,6.9,1.80,.409,2.8,3.3,0.72,0.13,.434,5.4,.857,0.5,1.2,1.6,-1.53,0.16,-1.27,-0.30,-0.65,-1.01,-0.46,0.06,0.88
"Reddish, Cam",228,-0.46,"Reddish, Cam",POR,23,40,24.7,9.7,1.13,.313,2.2,1.4,0.98,0.35,.444,7.8,.853,1.9,1.2,1.8,-1.10,-0.46,-1.51,-1.12,0.00,-0.58,-0.55,0.26,0.91
"Brooks, Dillon",229,-0.46,"Brooks, Dillon",MEM,26,73,30.3,14.3,1.96,.326,3.3,2.6,0.89,0.22,.396,13.6,.779,2.1,1.4,3.3,-0.39,0.31,-1.04,-0.61,-0.22,-0.83,-1.86,-0.13,0.61
"Thybulle, Matisse",230,-0.46,"Thybulle, Matisse",POR,25,71,16.9,4.1,0.76,.365,2.0,0.7,1.17,0.45,.435,3.6,.679,0.4,0.3,1.6,-1.95,-0.80,-1.60,-1.42,0.49,-0.38,-0.30,-0.14,1.91
"Hyland, Bones",231,-0.47,"Hyland, Bones",LAC,22,56,19.4,11.8,2.09,.371,2.4,3.1,0.70,0.27,.399,10.2,.843,1.8,1.5,1.7,-0.78,0.43,-1.42,-0.39,-0.71,-0.74,-1.35,0.20,0.56
"Mann, Terance",232,-0.47,"Mann, Terance",LAC,26,81,23.1,8.8,0.95,.389,3.4,2.3,0.52,0.27,.520,6.5,.780,1.5,1.0,1.8,-1.24,-0.63,-1.01,-0.74,-1.16,-0.73,0.22,-0.09,1.13
"Scrubb, Jay",233,-0.48,"Scrubb, Jay",ORL,22,2,15.1,6.5,1.00,1.000,3.0,0.5,1.00,0.50,.714,3.5,.500,1.0,1.5,1.0,-1.59,-0.58,-1.18,-1.53,0.06,-0.28,1.06,-0.82,0.52
"Bamba, Mohamed",234,-0.48,"Bamba, Mohamed",LAL,24,49,15.7,6.6,0.98,.387,4.6,0.9,0.27,0.88,.483,4.9,.661,1.3,0.6,2.1,-1.57,-0.60,-0.51,-1.33,-1.80,0.46,-0.08,-0.49,1.58
"Champagnie, Julian",235,-0.48,"Champagnie, Julian",SAS,21,17,18.8,9.7,1.94,.402,3.5,0.6,0.35,0.29,.454,7.6,.824,1.0,0.6,1.5,-1.10,0.29,-0.96,-1.49,-1.58,-0.69,-0.44,0.06,1.54
"Samanic, Luka",236,-0.48,"Samanic, Luka",UTA,22,7,23.0,9.9,1.14,.258,4.3,2.1,0.86,0.29,.456,8.1,.692,1.9,1.4,2.4,-1.08,-0.45,-0.65,-0.80,-0.30,-0.70,-0.44,-0.55,0.60
"Dosunmu, Ayo",237,-0.48,"Dosunmu, Ayo",CHI,22,81,26.0,8.5,0.73,.312,2.7,2.5,0.77,0.32,.493,7.0,.805,1.0,1.2,2.2,-1.28,-0.83,-1.29,-0.62,-0.53,-0.63,-0.02,0.00,0.85
"Connaughton, Pat",238,-0.49,"Connaughton, Pat",MIL,29,61,23.7,7.6,1.79,.339,4.6,1.3,0.61,0.18,.392,6.9,.659,0.7,0.5,1.1,-1.41,0.15,-0.50,-1.19,-0.94,-0.91,-0.99,-0.27,1.67
"Walker, Lonnie",239,-0.49,"Walker, Lonnie",LAL,24,56,23.2,11.6,1.63,.365,1.9,1.1,0.54,0.30,.448,9.4,.856,1.9,0.8,1.3,-0.80,0.00,-1.61,-1.24,-1.11,-0.67,-0.61,0.27,1.33
"Sexton, Collin",240,-0.50,"Sexton, Collin",UTA,23,48,23.9,14.3,1.00,.393,2.2,2.9,0.56,0.13,.505,9.8,.819,4.1,1.8,2.3,-0.40,-0.58,-1.51,-0.47,-1.05,-1.02,0.15,0.21,0.22
"Umude, Stanley",241,-0.50,"Umude, Stanley",DET,23,1,2.1,2.0,0.00,.000,0.0,0.0,1.00,1.00,.000,1.0,1.000,2.0,0.0,0.0,-2.27,-1.51,-2.41,-1.75,0.06,0.70,-0.70,1.08,2.32
"Achiuwa, Precious",242,-0.50,"Achiuwa, Precious",TOR,23,56,20.5,9.2,0.52,.269,5.9,0.9,0.54,0.54,.485,7.3,.706,2.3,1.1,1.8,-1.18,-1.03,0.03,-1.35,-1.11,-0.21,-0.10,-0.58,1.05
"Love, Kevin",243,-0.51,"Love, Kevin",MIA,34,63,19.7,8.1,1.57,.333,6.3,1.8,0.25,0.19,.390,6.8,.879,1.4,1.1,1.5,-1.34,-0.05,0.19,-0.93,-1.83,-0.89,-0.99,0.30,0.98
"Okoro, Isaac",244,-0.51,"Okoro, Isaac",CLE,21,76,21.7,6.4,0.82,.363,2.4,1.1,0.74,0.39,.494,4.7,.757,1.4,0.6,2.1,-1.59,-0.75,-1.41,-1.24,-0.60,-0.49,-0.01,-0.17,1.66
"Mathurin, Bennedict",245,-0.51,"Mathurin, Bennedict",IND,20,78,28.5,16.7,1.28,.323,4.1,1.5,0.62,0.17,.434,12.2,.830,5.8,1.9,2.1,-0.04,-0.32,-0.73,-1.09,-0.91,-0.93,-1.02,0.46,-0.02
"Reed, Paul",246,-0.51,"Reed, Paul",PHI,23,69,10.9,4.2,0.01,.167,3.8,0.4,0.67,0.74,.593,3.0,.745,0.7,0.7,1.8,-1.94,-1.49,-0.85,-1.57,-0.78,0.18,0.41,-0.12,1.54
"Kleber, Maxi",247,-0.51,"Kleber, Maxi",DAL,30,37,25.1,5.9,1.05,.348,3.6,1.4,0.32,0.81,.456,4.6,.711,1.0,0.7,2.3,-1.67,-0.53,-0.91,-1.12,-1.65,0.33,-0.25,-0.26,1.44
"Robinson-Earl, Jeremiah",248,-0.52,"Robinson-Earl, Jeremiah",OKC,22,43,18.9,6.8,0.86,.333,4.2,1.0,0.56,0.26,.444,5.8,.833,1.0,0.5,1.7,-1.54,-0.71,-0.69,-1.30,-1.06,-0.76,-0.41,0.08,1.76
"Sochan, Jeremy",249,-0.52,"Sochan, Jeremy",SAS,19,56,26.0,11.0,0.59,.246,5.3,2.5,0.77,0.39,.453,9.9,.698,2.1,1.7,2.5,-0.91,-0.96,-0.24,-0.62,-0.53,-0.49,-0.57,-0.58,0.24
"Green, Josh",250,-0.52,"Green, Josh",DAL,22,60,25.7,9.1,1.13,.402,3.0,1.7,0.70,0.08,.537,6.4,.723,1.6,1.2,2.6,-1.19,-0.46,-1.16,-0.99,-0.70,-1.10,0.37,-0.33,0.88
"Livers, Isaiah",251,-0.52,"Livers, Isaiah",DET,24,52,23.1,6.7,1.42,.365,2.8,0.8,0.54,0.54,.417,5.5,.821,0.8,0.6,2.0,-1.56,-0.19,-1.28,-1.40,-1.11,-0.21,-0.60,0.03,1.63
"Vincent, Gabe",252,-0.52,"Vincent, Gabe",MIA,26,69,25.8,9.4,1.72,.334,2.2,2.4,0.90,0.07,.401,8.3,.872,1.1,1.3,2.3,-1.15,0.09,-1.52,-0.66,-0.19,-1.12,-1.08,0.21,0.72
"Griffin, A.J.",253,-0.52,"Griffin, A.J.",ATL,19,72,19.5,8.9,1.40,.390,2.1,1.0,0.58,0.17,.466,7.4,.894,0.7,0.6,1.2,-1.22,-0.21,-1.54,-1.30,-0.99,-0.93,-0.29,0.16,1.62
"Curry, Seth",254,-0.53,"Curry, Seth",BKN,32,61,19.9,9.2,1.54,.405,1.6,1.6,0.59,0.11,.463,7.4,.927,0.9,0.8,1.6,-1.18,-0.08,-1.74,-1.03,-0.98,-1.04,-0.32,0.30,1.32
"Williams, Jaylin",255,-0.53,"Williams, Jaylin",OKC,20,50,18.9,5.9,0.94,.395,5.0,1.7,0.58,0.24,.436,4.8,.696,1.1,0.7,2.3,-1.68,-0.64,-0.35,-1.00,-1.00,-0.79,-0.40,-0.32,1.43
"Hachimura, Rui",256,-0.53,"Hachimura, Rui",LAL,24,64,23.3,11.2,0.83,.321,4.5,0.9,0.31,0.41,.485,9.3,.748,1.9,0.9,1.1,-0.87,-0.74,-0.58,-1.34,-1.68,-0.47,-0.13,-0.28,1.29
"Green, Javonte",257,-0.53,"Green, Javonte",CHI,29,32,15.0,5.2,0.41,.371,2.8,0.7,0.75,0.66,.565,3.4,.667,1.4,0.6,1.6,-1.79,-1.13,-1.28,-1.43,-0.57,0.02,0.32,-0.52,1.57
"Wade, Dean",258,-0.53,"Wade, Dean",CLE,26,44,20.3,4.7,1.02,.354,3.4,0.8,0.64,0.48,.412,4.0,.652,0.5,0.4,2.0,-1.86,-0.56,-1.00,-1.37,-0.86,-0.33,-0.47,-0.22,1.86
"Maledon, Theo",259,-0.54,"Maledon, Theo",CHA,21,44,19.4,6.7,0.64,.295,2.8,3.5,0.84,0.27,.402,5.8,.851,1.7,1.3,1.4,-1.56,-0.92,-1.26,-0.22,-0.34,-0.73,-0.75,0.23,0.71
"Harris, Joe",260,-0.54,"Harris, Joe",BKN,31,74,20.6,7.6,1.92,.426,2.2,1.4,0.46,0.18,.457,5.9,.643,0.4,0.6,1.9,-1.42,0.27,-1.50,-1.14,-1.31,-0.92,-0.32,-0.17,1.65
"Lyles, Trey",261,-0.54,"Lyles, Trey",SAC,27,74,16.9,7.6,1.18,.363,4.0,0.9,0.36,0.42,.459,5.5,.815,1.7,0.9,1.3,-1.42,-0.42,-0.75,-1.35,-1.55,-0.44,-0.27,0.06,1.28
"Jerome, Ty",262,-0.54,"Jerome, Ty",GSW,25,45,18.1,6.9,0.78,.389,1.8,3.0,0.51,0.11,.488,5.4,.927,0.9,0.7,1.4,-1.53,-0.79,-1.69,-0.43,-1.18,-1.04,-0.06,0.31,1.52
"Powell, Dwight",263,-0.55,"Powell, Dwight",DAL,31,76,19.2,6.7,0.00,.000,4.1,0.9,0.63,0.34,.732,3.5,.667,2.2,0.9,2.8,-1.56,-1.51,-0.72,-1.35,-0.87,-0.59,1.16,-0.81,1.29
"Kuminga, Jonathan",264,-0.55,"Kuminga, Jonathan",GSW,20,67,20.8,9.9,0.81,.370,3.4,1.9,0.61,0.45,.525,7.4,.652,2.1,1.4,2.3,-1.06,-0.76,-0.99,-0.92,-0.92,-0.38,0.31,-0.84,0.62
"Lamb, Anthony",265,-0.55,"Lamb, Anthony",GSW,24,62,19.2,6.7,1.18,.367,3.5,1.5,0.45,0.32,.471,5.1,.767,1.0,0.9,2.2,-1.56,-0.42,-0.98,-1.06,-1.33,-0.63,-0.17,-0.10,1.27
"Hauser, Sam",266,-0.55,"Hauser, Sam",BOS,25,80,16.1,6.4,1.75,.418,2.6,0.9,0.36,0.26,.455,5.0,.706,0.2,0.4,1.2,-1.60,0.11,-1.36,-1.35,-1.55,-0.75,-0.28,-0.06,1.87
"Prince, Taurean",267,-0.55,"Prince, Taurean",MIN,28,55,22.5,9.2,1.42,.388,2.5,1.5,0.56,0.27,.467,7.1,.844,1.4,1.3,2.3,-1.17,-0.19,-1.40,-1.07,-1.04,-0.73,-0.28,0.16,0.75
"Payne, Cameron",268,-0.56,"Payne, Cameron",PHO,28,48,20.2,10.3,1.42,.368,2.2,4.5,0.69,0.17,.415,9.4,.766,1.3,1.7,1.8,-1.01,-0.19,-1.50,0.23,-0.73,-0.93,-1.04,-0.13,0.29
"Wiseman, James",269,-0.56,"Wiseman, James",DET,21,45,19.3,10.0,0.09,.200,5.9,0.7,0.16,0.60,.558,7.5,.701,2.2,1.1,2.4,-1.05,-1.42,0.03,-1.45,-2.08,-0.09,0.66,-0.59,0.96
"Niang, Georges",270,-0.56,"Niang, Georges",PHI,29,78,19.4,8.2,1.97,.401,2.4,1.0,0.38,0.18,.442,6.4,.867,0.6,0.7,1.9,-1.33,0.32,-1.44,-1.31,-1.50,-0.91,-0.47,0.10,1.49
"Marshall, Naji",271,-0.56,"Marshall, Naji",NOR,24,78,23.1,9.0,0.85,.301,3.6,2.4,0.69,0.18,.433,7.3,.789,2.2,1.2,1.5,-1.21,-0.72,-0.93,-0.67,-0.72,-0.91,-0.63,-0.08,0.82
"Shamet, Landry",272,-0.56,"Shamet, Landry",PHO,25,40,20.2,8.7,1.88,.375,1.7,2.3,0.65,0.13,.375,7.5,.882,1.3,0.9,1.5,-1.26,0.23,-1.73,-0.72,-0.82,-1.02,-1.25,0.28,1.24
"Merrill, Sam",273,-0.56,"Merrill, Sam",CLE,26,5,11.7,5.0,1.00,.278,1.8,1.0,0.80,0.00,.409,4.4,1.000,0.4,0.0,0.6,-1.82,-0.58,-1.67,-1.30,-0.44,-1.26,-0.53,0.21,2.32
"Young, Thaddeus",274,-0.57,"Young, Thaddeus",TOR,34,54,14.7,4.4,0.11,.176,3.1,1.4,1.00,0.09,.548,3.6,.692,0.5,0.8,1.6,-1.90,-1.40,-1.15,-1.13,0.06,-1.08,0.27,-0.15,1.39
"Sims, Jericho",275,-0.57,"Sims, Jericho",NYK,24,52,15.6,3.4,0.00,.000,4.7,0.5,0.29,0.54,.776,2.1,.750,0.3,0.5,1.8,-2.06,-1.51,-0.50,-1.53,-1.74,-0.21,0.80,-0.05,1.70
"Johnson, Jalen",276,-0.57,"Johnson, Jalen",ATL,21,71,14.9,5.7,0.42,.283,4.1,1.2,0.58,0.48,.494,4.6,.613,1.1,0.6,1.6,-1.71,-1.11,-0.73,-1.21,-1.01,-0.32,-0.01,-0.58,1.58
"Ross, Terrence",277,-0.57,"Ross, Terrence",PHO,31,63,21.1,8.3,1.51,.368,2.4,1.5,0.56,0.16,.430,7.4,.794,0.5,0.7,1.5,-1.31,-0.11,-1.41,-1.08,-1.06,-0.95,-0.66,-0.02,1.48
"Wiggins, Aaron",278,-0.57,"Wiggins, Aaron",OKC,23,71,18.5,6.8,0.68,.390,3.0,1.1,0.56,0.21,.512,5.2,.838,1.0,0.8,1.6,-1.53,-0.88,-1.19,-1.25,-1.04,-0.85,0.12,0.10,1.39
"Okeke, Chuma",279,-0.57,"Okeke, Chuma",ORL,24,27,19.2,4.7,0.96,.302,3.6,1.4,0.70,0.41,.352,4.5,.762,0.8,0.6,1.5,-1.86,-0.61,-0.95,-1.14,-0.69,-0.46,-0.90,-0.09,1.56
"Okogie, Josh",280,-0.57,"Okogie, Josh",PHO,24,72,18.8,7.3,0.92,.335,3.5,1.5,0.78,0.47,.391,5.8,.724,2.7,0.9,1.6,-1.46,-0.66,-0.98,-1.10,-0.50,-0.34,-0.83,-0.56,1.27
"Warren, TJ",281,-0.57,"Warren, TJ",PHO,29,42,16.4,7.5,0.52,.333,2.9,1.0,0.52,0.29,.489,6.4,.800,0.8,0.5,1.5,-1.44,-1.02,-1.23,-1.33,-1.15,-0.70,-0.05,-0.01,1.75
"Green, JaMychal",282,-0.58,"Green, JaMychal",GSW,32,57,14.0,6.4,0.74,.378,3.6,0.9,0.42,0.40,.540,4.4,.776,1.2,0.9,1.8,-1.60,-0.82,-0.92,-1.35,-1.41,-0.47,0.27,-0.09,1.20
"Ivey, Jaden",283,-0.58,"Ivey, Jaden",DET,20,74,31.1,16.3,1.62,.343,3.9,5.2,0.82,0.23,.416,13.3,.747,4.8,3.2,3.3,-0.10,-0.01,-0.80,0.57,-0.38,-0.81,-1.45,-0.70,-1.53
"Watford, Trendon",284,-0.58,"Watford, Trendon",POR,22,62,19.1,7.4,0.40,.391,3.8,2.1,0.52,0.19,.560,5.2,.720,1.6,1.1,1.9,-1.45,-1.13,-0.84,-0.82,-1.16,-0.88,0.47,-0.36,0.94
"Nowell, Jaylen",285,-0.58,"Nowell, Jaylen",MIN,23,66,19.2,10.8,1.03,.291,2.6,2.0,0.64,0.08,.451,9.5,.778,1.5,1.0,1.6,-0.93,-0.55,-1.35,-0.86,-0.86,-1.11,-0.58,-0.10,1.10
"Sharpe, Shaedon",286,-0.58,"Sharpe, Shaedon",POR,19,80,22.2,9.9,1.28,.360,3.0,1.2,0.48,0.30,.472,8.1,.714,1.3,1.0,1.7,-1.07,-0.33,-1.20,-1.23,-1.27,-0.67,-0.25,-0.31,1.07
"Biyombo, Bismack",287,-0.59,"Biyombo, Bismack",PHO,30,61,14.3,4.3,0.00,.000,4.3,0.9,0.30,1.44,.578,3.4,.357,1.1,0.8,1.9,-1.92,-1.51,-0.66,-1.34,-1.73,1.56,0.38,-1.39,1.32
"Jackson, Reggie",288,-0.59,"Jackson, Reggie",DEN,32,68,24.4,10.2,1.41,.333,2.1,3.4,0.69,0.09,.411,9.4,.910,1.1,1.7,1.7,-1.02,-0.20,-1.55,-0.23,-0.72,-1.09,-1.09,0.33,0.29
"Joseph, Cory",289,-0.59,"Joseph, Cory",DET,31,62,19.8,6.9,1.13,.389,1.7,3.5,0.55,0.15,.427,5.7,.792,1.2,0.9,1.4,-1.53,-0.46,-1.71,-0.20,-1.08,-0.98,-0.53,-0.04,1.23
"Lee, Damion",290,-0.59,"Lee, Damion",PHO,30,74,20.4,8.2,1.49,.445,3.1,1.3,0.41,0.09,.442,6.1,.904,1.4,1.1,1.6,-1.33,-0.13,-1.16,-1.15,-1.45,-1.08,-0.45,0.39,1.05
"Barrett, R.J.",291,-0.59,"Barrett, R.J.",NYK,22,73,33.9,19.6,1.66,.310,5.0,2.8,0.42,0.21,.433,16.1,.740,5.4,2.2,2.5,0.41,0.03,-0.34,-0.53,-1.40,-0.86,-1.37,-0.89,-0.38
"Graham, Devonte'",292,-0.59,"Graham, Devonte'",SAS,27,73,18.3,7.4,1.63,.352,1.7,2.7,0.60,0.22,.374,5.9,.748,1.8,0.7,1.1,-1.45,0.00,-1.72,-0.56,-0.94,-0.83,-1.00,-0.26,1.45
"Muscala, Mike",293,-0.59,"Muscala, Mike",BOS,31,63,15.0,6.1,1.29,.391,3.2,0.8,0.24,0.38,.449,4.6,.769,0.8,0.4,1.6,-1.65,-0.32,-1.09,-1.40,-1.87,-0.52,-0.30,-0.08,1.88
"Nwora, Jordan",294,-0.60,"Nwora, Jordan",IND,24,62,19.2,8.7,1.39,.408,3.7,1.4,0.39,0.23,.436,7.2,.791,1.4,1.1,1.2,-1.25,-0.22,-0.89,-1.12,-1.49,-0.82,-0.59,-0.04,1.04
"Tate, Jae'sean",295,-0.60,"Tate, Jae'sean",HOU,27,31,21.9,9.1,0.42,.283,3.8,2.7,0.68,0.23,.480,7.4,.725,2.2,1.5,3.4,-1.19,-1.12,-0.85,-0.55,-0.76,-0.82,-0.15,-0.46,0.50
"Horton-Tucker, Talen",296,-0.60,"Horton-Tucker, Talen",UTA,22,65,20.2,10.7,0.89,.286,3.2,3.8,0.63,0.45,.419,9.4,.750,2.6,1.9,1.7,-0.94,-0.68,-1.08,-0.07,-0.87,-0.39,-0.99,-0.36,-0.01
"Drummond, Andre",297,-0.60,"Drummond, Andre",CHI,29,68,12.6,5.9,0.00,.000,6.6,0.5,0.66,0.41,.603,4.1,.536,1.8,1.1,1.7,-1.68,-1.51,0.29,-1.53,-0.80,-0.46,0.61,-1.33,0.99
"Watanabe, Yuta",298,-0.61,"Watanabe, Yuta",BKN,28,58,16.0,5.6,1.03,.444,2.4,0.8,0.43,0.29,.491,4.0,.723,0.8,0.4,1.4,-1.73,-0.55,-1.42,-1.38,-1.38,-0.69,-0.02,-0.18,1.86
"Cain, Jamal",299,-0.61,"Cain, Jamal",MIA,23,18,13.3,5.4,0.39,.350,2.9,0.7,0.61,0.06,.561,3.7,.773,1.2,0.3,1.2,-1.75,-1.15,-1.22,-1.45,-0.92,-1.15,0.33,-0.10,1.92
"Davis, Terence",300,-0.61,"Davis, Terence",SAC,25,64,13.1,6.7,1.39,.366,2.2,1.0,0.67,0.19,.423,5.7,.791,0.7,0.8,1.6,-1.55,-0.22,-1.52,-1.28,-0.77,-0.89,-0.57,-0.03,1.32
"Branham, Malaki",301,-0.62,"Branham, Malaki",SAS,19,66,23.5,10.2,1.17,.302,2.7,1.9,0.52,0.11,.439,9.2,.829,1.1,1.2,1.7,-1.03,-0.43,-1.28,-0.90,-1.17,-1.05,-0.71,0.07,0.94
"Milton, Shake",302,-0.62,"Milton, Shake",PHI,123,76,20.6,8.4,0.74,.378,2.5,3.1,0.33,0.17,.478,6.6,.853,1.5,1.3,1.6,-1.30,-0.82,-1.38,-0.36,-1.64,-0.93,-0.16,0.21,0.82
"Wainright, Ishmail",303,-0.62,"Wainright, Ishmail",PHO,28,60,15.3,4.2,0.95,.329,2.3,0.9,0.62,0.37,.370,3.8,.839,0.5,0.4,2.0,-1.94,-0.63,-1.46,-1.36,-0.91,-0.54,-0.66,0.05,1.88
"Osman, Cedi",304,-0.62,"Osman, Cedi",CLE,27,77,20.1,8.7,1.51,.372,2.3,1.5,0.44,0.14,.451,6.9,.694,1.4,0.7,1.6,-1.25,-0.11,-1.47,-1.09,-1.35,-0.98,-0.42,-0.41,1.51
"Hernangomez, Guillermo",305,-0.62,"Hernangomez, Guillermo",NOR,28,38,12.1,6.9,0.08,.273,4.7,0.9,0.45,0.34,.527,4.4,.779,2.7,1.0,1.7,-1.53,-1.43,-0.46,-1.36,-1.34,-0.59,0.19,-0.17,1.09
"Barlow, Dominick",306,-0.63,"Barlow, Dominick",SAS,19,28,14.6,3.9,0.00,.000,3.6,0.9,0.36,0.68,.535,3.1,.720,0.9,0.5,2.0,-1.98,-1.51,-0.91,-1.37,-1.57,0.07,0.16,-0.20,1.68
"McClung, Mac",307,-0.63,"McClung, Mac",PHI,23,2,20.5,12.5,2.00,.364,5.0,4.5,0.00,0.00,.450,10.0,.600,2.5,1.5,1.5,-0.67,0.35,-0.35,0.25,-2.47,-1.26,-0.62,-1.37,0.52
"Toppin, Obi",308,-0.63,"Toppin, Obi",NYK,24,67,15.7,7.4,1.27,.344,2.8,1.0,0.34,0.18,.446,6.3,.809,0.7,0.6,1.0,-1.45,-0.33,-1.26,-1.31,-1.60,-0.91,-0.42,0.01,1.64
"Diallo, Hamidou",309,-0.63,"Diallo, Hamidou",DET,24,56,17.8,9.3,0.09,.238,3.5,1.0,0.95,0.29,.573,6.7,.588,2.6,1.3,2.2,-1.16,-1.42,-0.99,-1.30,-0.07,-0.70,0.73,-1.53,0.80
"Kornet, Luke",310,-0.63,"Kornet, Luke",BOS,27,69,11.6,3.8,0.04,.231,2.9,0.8,0.16,0.67,.665,2.5,.821,0.6,0.4,1.2,-2.00,-1.47,-1.24,-1.41,-2.07,0.04,0.57,0.02,1.89
"Gabriel, Wenyen",311,-0.63,"Gabriel, Wenyen",LAL,25,69,14.9,5.4,0.14,.278,4.1,0.5,0.38,0.51,.596,3.8,.619,1.2,0.7,2.1,-1.76,-1.37,-0.71,-1.52,-1.52,-0.27,0.53,-0.61,1.52
"Bitadze, Goga",312,-0.63,"Bitadze, Goga",ORL,23,38,12.0,4.4,0.16,.231,3.6,1.0,0.42,0.68,.552,3.3,.548,1.1,0.6,1.7,-1.91,-1.36,-0.93,-1.29,-1.41,0.08,0.26,-0.77,1.62
"Garuba, Usman",313,-0.64,"Garuba, Usman",HOU,20,75,12.9,3.0,0.32,.400,4.1,0.9,0.59,0.39,.483,2.4,.617,0.6,0.6,1.8,-2.12,-1.21,-0.73,-1.37,-0.99,-0.50,-0.05,-0.32,1.57
"Sumner, Edmond",314,-0.64,"Sumner, Edmond",BKN,27,53,13.9,7.1,0.58,.356,1.5,1.3,0.58,0.19,.461,5.1,.917,2.0,0.9,1.6,-1.49,-0.96,-1.80,-1.18,-0.99,-0.89,-0.24,0.64,1.19
"Johnson, Stanley",315,-0.64,"Johnson, Stanley",SAS,26,30,15.6,5.9,0.60,.450,3.2,2.2,0.53,0.20,.537,4.1,.667,1.3,1.1,1.6,-1.68,-0.95,-1.11,-0.76,-1.12,-0.87,0.23,-0.48,1.00
"Jones, Derrick",316,-0.64,"Jones, Derrick",CHI,25,65,13.8,4.9,0.42,.338,2.4,0.5,0.45,0.57,.500,3.5,.738,1.3,0.4,1.3,-1.83,-1.12,-1.44,-1.52,-1.34,-0.15,0.02,-0.23,1.86
"Tucker, PJ",317,-0.64,"Tucker, PJ",PHI,37,75,25.6,3.5,0.73,.393,3.9,0.8,0.52,0.20,.427,3.0,.826,0.3,0.6,2.4,-2.04,-0.83,-0.80,-1.39,-1.15,-0.87,-0.29,0.01,1.62
"McDermott, Doug",318,-0.64,"McDermott, Doug",SAS,30,64,20.5,10.2,1.92,.413,2.2,1.4,0.20,0.09,.457,8.2,.757,1.1,0.9,1.8,-1.02,0.27,-1.52,-1.12,-1.96,-1.08,-0.43,-0.14,1.23
"Rubio, Ricky",319,-0.64,"Rubio, Ricky",CLE,32,33,17.2,5.2,0.64,.259,2.1,3.5,0.79,0.18,.345,5.4,.800,1.1,0.9,1.5,-1.79,-0.92,-1.54,-0.20,-0.48,-0.90,-1.12,-0.01,1.19
"McLaughlin, Jordan",320,-0.64,"McLaughlin, Jordan",MIN,26,44,15.7,3.7,0.55,.296,1.4,3.4,0.75,0.09,.407,3.4,.833,0.4,0.8,0.7,-2.02,-1.00,-1.83,-0.26,-0.57,-1.08,-0.42,0.03,1.36
"Landale, Jock",321,-0.65,"Landale, Jock",PHO,26,69,14.2,6.6,0.30,.250,4.1,1.0,0.23,0.45,.528,4.9,.752,1.5,0.9,1.8,-1.57,-1.22,-0.74,-1.31,-1.89,-0.38,0.22,-0.21,1.29
"Koloko, Christian",322,-0.65,"Koloko, Christian",TOR,22,58,13.8,3.1,0.02,.083,2.9,0.5,0.36,0.98,.480,2.6,.627,1.0,0.3,2.2,-2.10,-1.49,-1.20,-1.51,-1.56,0.66,-0.06,-0.49,1.91
"Hill, George",323,-0.65,"Hill, George",IND,36,46,18.1,5.0,0.74,.358,1.8,2.4,0.57,0.13,.470,3.6,.764,1.2,0.7,1.2,-1.81,-0.82,-1.65,-0.69,-1.04,-1.01,-0.13,-0.13,1.43
"Butler, Jared",324,-0.65,"Butler, Jared",OKC,22,6,12.8,6.2,1.17,.500,0.7,1.3,0.83,0.00,.469,5.3,.000,0.0,0.8,0.8,-1.64,-0.43,-2.14,-1.16,-0.36,-1.26,-0.20,-0.01,1.32
"Minaya, Justin",325,-0.65,"Minaya, Justin",POR,23,4,22.2,4.3,0.75,.250,3.8,1.0,0.50,1.25,.304,5.8,.000,0.3,1.0,2.3,-1.93,-0.81,-0.87,-1.30,-1.21,1.18,-1.52,-0.55,1.12
"McGruder, Rodney",326,-0.66,"McGruder, Rodney",DET,31,32,16.4,5.7,1.28,.423,2.3,0.9,0.50,0.03,.408,4.8,.818,0.7,0.3,1.2,-1.71,-0.32,-1.46,-1.36,-1.21,-1.20,-0.58,0.03,1.91
"Alexander-Walker, Nickeil",327,-0.66,"Alexander-Walker, Nickeil",MIN,24,60,15.1,6.2,1.03,.388,1.8,1.8,0.55,0.35,.450,5.0,.677,1.0,0.9,1.5,-1.63,-0.55,-1.69,-0.94,-1.08,-0.58,-0.32,-0.35,1.22
"Smith, Dru",328,-0.66,"Smith, Dru",BKN,25,15,10.6,2.9,0.33,.263,1.6,1.5,0.67,0.27,.400,3.0,1.000,0.2,0.2,1.5,-2.13,-1.20,-1.75,-1.10,-0.78,-0.74,-0.40,0.10,2.08
"Little, Nassir",329,-0.66,"Little, Nassir",POR,22,54,18.1,6.6,1.07,.365,2.6,0.9,0.37,0.37,.441,5.6,.717,0.9,0.7,1.2,-1.56,-0.51,-1.34,-1.34,-1.53,-0.54,-0.43,-0.20,1.52
"Jordan, DeAndre",330,-0.66,"Jordan, DeAndre",DEN,34,39,15.0,5.1,0.03,1.000,5.2,0.9,0.31,0.59,.765,2.9,.458,1.2,1.2,1.8,-1.80,-1.48,-0.28,-1.36,-1.69,-0.11,1.10,-1.15,0.84
"Wall, John",331,-0.66,"Wall, John",LAC,32,34,22.2,11.4,0.97,.303,2.7,5.2,0.79,0.38,.408,9.9,.681,3.3,2.4,1.7,-0.85,-0.61,-1.30,0.57,-0.46,-0.51,-1.19,-1.08,-0.51
"Brantley, Jarrell",332,-0.66,"Brantley, Jarrell",UTA,26,4,9.7,5.5,1.00,.444,1.5,0.8,0.00,0.50,.571,3.5,1.000,0.5,0.5,0.8,-1.74,-0.58,-1.80,-1.42,-2.47,-0.28,0.37,0.26,1.72
"Daniels, Dyson",333,-0.66,"Daniels, Dyson",NOR,19,59,17.7,3.8,0.46,.314,3.2,2.3,0.73,0.19,.416,3.5,.650,0.7,1.0,1.7,-1.99,-1.08,-1.10,-0.74,-0.63,-0.90,-0.39,-0.29,1.16
"Sharpe, Day'Ron",334,-0.66,"Sharpe, Day'Ron",BKN,21,48,11.5,4.7,0.13,.545,4.2,0.8,0.31,0.69,.544,3.6,.636,1.1,0.9,1.9,-1.86,-1.39,-0.70,-1.41,-1.68,0.08,0.24,-0.52,1.27
"Mitchell, Davion",335,-0.66,"Mitchell, Davion",SAC,24,80,18.1,5.6,0.79,.320,1.3,2.3,0.55,0.19,.454,5.0,.806,0.4,0.8,1.4,-1.72,-0.78,-1.87,-0.72,-1.08,-0.89,-0.29,0.00,1.39
"Griffin, Blake",336,-0.67,"Griffin, Blake",BOS,33,41,13.9,4.1,0.56,.348,3.8,1.5,0.34,0.22,.485,3.2,.656,0.8,0.5,1.8,-1.95,-0.99,-0.86,-1.09,-1.61,-0.83,-0.05,-0.31,1.68
"Cancar, Vlatko",337,-0.67,"Cancar, Vlatko",DEN,25,60,14.8,5.0,0.72,.374,2.1,1.3,0.37,0.23,.476,3.8,.907,0.7,0.6,1.4,-1.82,-0.84,-1.53,-1.16,-1.54,-0.80,-0.11,0.20,1.58
"Mann, Tre",338,-0.67,"Mann, Tre",OKC,21,67,17.7,7.7,1.21,.315,2.3,1.8,0.60,0.16,.393,7.5,.764,0.8,0.9,1.5,-1.40,-0.39,-1.46,-0.95,-0.96,-0.94,-1.06,-0.09,1.21
"Bazley, Darius",339,-0.67,"Bazley, Darius",PHO,22,43,14.3,5.2,0.47,.377,3.2,0.9,0.51,0.79,.454,4.3,.543,1.6,0.7,1.0,-1.78,-1.08,-1.08,-1.36,-1.18,0.29,-0.25,-1.15,1.54
"Robinson, Orlando",340,-0.67,"Robinson, Orlando",MIA,22,31,13.7,3.7,0.00,.000,4.1,0.8,0.39,0.39,.528,2.9,.710,1.0,0.5,1.7,-2.01,-1.51,-0.74,-1.39,-1.49,-0.50,0.13,-0.25,1.70
"Agbaji, Ochai",341,-0.67,"Agbaji, Ochai",UTA,22,59,20.5,7.9,1.37,.355,2.1,1.1,0.27,0.25,.427,6.5,.812,1.2,0.7,1.7,-1.37,-0.24,-1.57,-1.24,-1.79,-0.76,-0.61,0.03,1.49
"Saric, Dario",342,-0.68,"Saric, Dario",OKC,28,58,14.1,6.3,0.78,.388,3.6,1.3,0.34,0.14,.461,4.8,.829,1.3,1.0,1.7,-1.62,-0.79,-0.92,-1.18,-1.60,-0.99,-0.23,0.09,1.16
"Barton, Will",343,-0.68,"Barton, Will",TOR,31,57,17.5,6.7,1.18,.370,2.4,2.0,0.49,0.23,.381,6.4,.787,0.8,0.8,1.0,-1.56,-0.42,-1.44,-0.88,-1.23,-0.81,-1.02,-0.04,1.31
"Duarte, Chris",344,-0.68,"Duarte, Chris",IND,25,46,19.5,7.9,1.20,.318,2.5,1.4,0.54,0.20,.369,7.2,.847,1.6,0.9,1.4,-1.38,-0.40,-1.38,-1.13,-1.10,-0.88,-1.26,0.19,1.25
"Waters, Lindy",345,-0.68,"Waters, Lindy",OKC,25,42,12.7,5.1,1.38,.358,1.8,0.7,0.33,0.26,.393,4.2,.800,0.5,0.2,1.0,-1.80,-0.23,-1.67,-1.45,-1.63,-0.75,-0.60,-0.01,2.03
"Langford, Romeo",346,-0.68,"Langford, Romeo",SAS,23,43,19.6,6.9,0.37,.262,2.6,1.2,0.56,0.30,.467,6.0,.696,1.3,0.7,1.6,-1.52,-1.16,-1.33,-1.23,-1.06,-0.67,-0.23,-0.38,1.48
"Noel, Nerlens",347,-0.68,"Noel, Nerlens",BKN,28,17,11.5,2.1,0.06,.500,2.7,0.6,0.88,0.59,.361,2.1,.667,0.7,0.8,1.9,-2.26,-1.45,-1.30,-1.49,-0.24,-0.11,-0.40,-0.26,1.40
"Highsmith, Haywood",348,-0.68,"Highsmith, Haywood",MIA,26,54,18.0,4.4,0.69,.339,3.5,0.8,0.67,0.31,.431,4.0,.464,0.5,0.8,1.5,-1.91,-0.87,-0.99,-1.39,-0.78,-0.64,-0.36,-0.48,1.32
"Green, Danny",349,-0.68,"Green, Danny",CLE,35,11,12.6,5.5,1.45,.432,1.3,0.5,0.55,0.27,.449,4.5,1.000,0.1,0.9,1.5,-1.73,-0.16,-1.89,-1.51,-1.09,-0.73,-0.29,0.04,1.23
"Thomas, Cam",350,-0.68,"Thomas, Cam",BKN,21,57,16.6,10.6,0.89,.383,1.7,1.4,0.35,0.12,.441,8.0,.868,3.1,1.1,1.0,-0.96,-0.68,-1.72,-1.14,-1.58,-1.02,-0.60,0.55,0.99
"Metu, Chimezie",351,-0.68,"Metu, Chimezie",SAC,25,66,10.4,4.9,0.14,.237,3.0,0.6,0.33,0.32,.589,3.3,.740,1.1,0.5,1.2,-1.84,-1.38,-1.18,-1.48,-1.63,-0.64,0.43,-0.19,1.74
"Fernando, Bruno",352,-0.69,"Fernando, Bruno",ATL,24,39,10.4,3.9,0.00,.000,3.5,0.8,0.15,0.87,.527,2.9,.700,1.3,0.6,1.9,-1.98,-1.51,-0.97,-1.40,-2.08,0.44,0.12,-0.36,1.55
"Walker, Kemba",353,-0.69,"Walker, Kemba",DAL,32,9,16.0,8.0,0.78,.250,1.8,2.1,0.22,0.22,.421,6.3,.810,2.3,0.4,1.2,-1.36,-0.79,-1.68,-0.81,-1.91,-0.83,-0.65,0.05,1.79
"Hardy, Jaden",354,-0.69,"Hardy, Jaden",DAL,20,48,14.8,8.8,1.31,.404,1.9,1.4,0.35,0.15,.438,6.9,.823,1.6,1.0,1.3,-1.24,-0.29,-1.65,-1.15,-1.58,-0.98,-0.54,0.09,1.14
"Stevens, Lamar",355,-0.69,"Stevens, Lamar",CLE,25,62,18.1,5.3,0.48,.316,3.4,0.5,0.42,0.31,.448,4.6,.702,0.9,0.4,1.3,-1.77,-1.06,-1.03,-1.51,-1.41,-0.66,-0.31,-0.25,1.80
"Mamukelashvili, Sandro",356,-0.69,"Mamukelashvili, Sandro",SAS,23,43,15.4,6.1,0.70,.303,4.3,1.4,0.33,0.28,.422,5.3,.684,1.3,0.8,1.2,-1.65,-0.86,-0.64,-1.11,-1.65,-0.71,-0.55,-0.43,1.34
"Mykhailiuk, Sviatoslav",357,-0.70,"Mykhailiuk, Sviatoslav",CHA,25,32,14.6,6.9,1.31,.424,1.7,1.7,0.47,0.13,.445,5.4,.667,1.2,0.8,0.7,-1.52,-0.29,-1.73,-1.01,-1.28,-1.02,-0.38,-0.45,1.42
"Rivers, Austin",358,-0.70,"Rivers, Austin",MIN,30,52,19.5,4.9,0.83,.350,1.6,1.4,0.54,0.08,.435,4.0,.769,0.8,0.4,1.5,-1.83,-0.74,-1.76,-1.11,-1.11,-1.11,-0.34,-0.07,1.79
"Knox, Kevin",359,-0.70,"Knox, Kevin",POR,23,63,15.1,6.6,1.03,.349,2.8,0.5,0.38,0.19,.458,5.3,.767,1.0,0.8,1.5,-1.57,-0.55,-1.25,-1.52,-1.51,-0.89,-0.27,-0.10,1.37
"Jones, Kai",360,-0.70,"Jones, Kai",CHA,21,46,11.9,3.4,0.09,.211,2.7,0.3,0.37,0.65,.558,2.6,.731,0.6,0.7,1.4,-2.06,-1.43,-1.31,-1.60,-1.54,0.01,0.22,-0.12,1.51
"Green, Jeff",361,-0.70,"Green, Jeff",DEN,36,56,19.5,7.8,0.54,.288,2.6,1.2,0.32,0.30,.488,5.9,.744,2.1,0.8,1.8,-1.39,-1.01,-1.35,-1.20,-1.66,-0.67,-0.06,-0.33,1.33
"Braun, Christian",362,-0.71,"Braun, Christian",DEN,21,76,15.5,4.7,0.45,.354,2.4,0.8,0.54,0.22,.495,3.8,.625,0.8,0.5,1.3,-1.86,-1.09,-1.43,-1.40,-1.11,-0.82,-0.01,-0.41,1.77
"Jones, Damian",363,-0.71,"Jones, Damian",UTA,27,41,11.6,3.5,0.24,.588,3.0,0.4,0.20,0.51,.640,2.1,.759,0.7,0.6,1.3,-2.05,-1.28,-1.19,-1.59,-1.98,-0.26,0.41,-0.09,1.65
"Martin, Cody",364,-0.71,"Martin, Cody",CHA,27,7,19.1,5.0,0.43,.214,3.4,1.6,0.57,0.14,.389,5.1,.571,1.0,0.3,1.9,-1.82,-1.11,-1.00,-1.05,-1.02,-0.98,-0.76,-0.63,1.98
"Dedmon, Dewayne",365,-0.71,"Dedmon, Dewayne",PHI,33,38,11.2,5.2,0.32,.308,3.5,0.7,0.24,0.50,.510,4.0,.673,1.3,0.7,2.0,-1.78,-1.21,-0.96,-1.44,-1.87,-0.28,0.08,-0.45,1.53
"Hampton, R.J.",366,-0.71,"Hampton, R.J.",DET,21,46,16.2,6.5,0.89,.353,1.9,1.2,0.59,0.20,.432,5.1,.757,1.6,0.9,1.1,-1.58,-0.68,-1.63,-1.23,-0.98,-0.88,-0.45,-0.20,1.22
"Hayes, Jaxson",367,-0.72,"Hayes, Jaxson",NOR,22,48,13.1,5.0,0.06,.103,2.9,0.8,0.42,0.40,.557,3.3,.706,1.8,0.7,1.5,-1.82,-1.45,-1.20,-1.42,-1.42,-0.49,0.28,-0.46,1.52
"Nnaji, Zeke",368,-0.72,"Nnaji, Zeke",DEN,21,52,14.0,5.3,0.33,.262,2.7,0.3,0.33,0.44,.561,3.8,.645,1.2,0.6,2.0,-1.77,-1.20,-1.32,-1.59,-1.64,-0.40,0.34,-0.51,1.60
"Harrell, Montrezl",369,-0.72,"Harrell, Montrezl",PHI,28,57,11.9,5.6,0.00,.000,2.8,0.6,0.30,0.44,.603,3.7,.693,1.8,0.6,1.3,-1.72,-1.51,-1.26,-1.49,-1.72,-0.40,0.55,-0.52,1.58
"Theis, Daniel",370,-0.73,"Theis, Daniel",IND,30,7,15.5,7.0,0.29,.182,3.1,1.3,0.29,0.86,.477,6.3,.417,1.7,0.4,1.0,-1.51,-1.24,-1.12,-1.18,-1.75,0.42,-0.16,-1.79,1.81
"Brissett, OShae",371,-0.73,"Brissett, OShae",IND,24,65,16.7,6.1,0.74,.310,3.4,0.7,0.51,0.20,.386,4.9,.717,2.2,0.5,1.2,-1.64,-0.82,-1.03,-1.45,-1.19,-0.87,-0.75,-0.51,1.69
"Cooks, Xavier",372,-0.73,"Cooks, Xavier",WAS,27,10,12.6,3.8,0.00,.000,3.8,0.6,0.60,0.40,.607,2.8,.400,1.0,0.8,1.3,-2.00,-1.51,-0.85,-1.48,-0.95,-0.48,0.43,-1.10,1.36
"Holiday, Aaron",373,-0.73,"Holiday, Aaron",ATL,26,63,13.4,3.9,0.57,.409,1.2,1.4,0.59,0.19,.418,3.5,.844,0.5,0.6,1.3,-1.98,-0.98,-1.93,-1.12,-0.98,-0.89,-0.38,0.05,1.63
"Lee, Saben",374,-0.73,"Lee, Saben",PHO,23,25,14.9,6.0,0.44,.367,1.8,2.6,0.76,0.04,.405,4.8,.737,2.3,1.0,1.3,-1.66,-1.10,-1.67,-0.58,-0.55,-1.18,-0.61,-0.40,1.17
"Yurtseven, Omer",375,-0.73,"Yurtseven, Omer",MIA,24,9,9.2,4.4,0.33,.429,2.6,0.2,0.22,0.22,.593,3.0,.833,0.7,0.4,1.8,-1.90,-1.20,-1.36,-1.65,-1.91,-0.83,0.40,0.05,1.79
"Mathews, Garrison",376,-0.73,"Mathews, Garrison",ATL,26,54,12.7,4.8,1.17,.350,1.4,0.5,0.44,0.09,.363,3.7,.906,1.0,0.4,1.1,-1.85,-0.43,-1.86,-1.53,-1.35,-1.08,-0.69,0.27,1.90
"Jovic, Nikola",377,-0.74,"Jovic, Nikola",MIA,19,15,13.6,5.5,0.53,.229,2.1,0.7,0.47,0.13,.406,4.6,.947,1.3,0.7,1.3,-1.74,-1.01,-1.56,-1.45,-1.29,-1.00,-0.57,0.50,1.52
"Roddy, David",378,-0.74,"Roddy, David",MEM,21,70,18.0,6.7,0.93,.307,2.8,0.8,0.43,0.27,.429,6.0,.631,0.9,0.8,1.5,-1.56,-0.65,-1.28,-1.37,-1.39,-0.73,-0.55,-0.44,1.34
"Gay, Rudy",379,-0.74,"Gay, Rudy",UTA,36,56,14.6,5.2,0.59,.254,2.9,1.0,0.34,0.32,.380,5.1,.857,0.9,0.7,1.2,-1.78,-0.96,-1.21,-1.30,-1.61,-0.63,-0.82,0.13,1.53
"Sarr, Olivier",380,-0.74,"Sarr, Olivier",OKC,23,9,12.6,4.0,0.11,.125,3.4,0.4,0.11,0.56,.500,3.3,.714,0.8,0.4,1.9,-1.97,-1.40,-0.99,-1.55,-2.19,-0.17,0.02,-0.19,1.79
"Leonard, Meyers",381,-0.74,"Leonard, Meyers",MIL,30,9,12.6,4.8,0.78,.389,3.8,0.1,0.22,0.00,.483,3.2,.889,1.0,0.7,1.8,-1.85,-0.79,-0.86,-1.70,-1.91,-1.26,-0.06,0.23,1.52
"Fournier, Evan",382,-0.74,"Fournier, Evan",NYK,30,27,17.0,6.1,1.30,.307,1.8,1.3,0.59,0.11,.337,6.1,.857,0.8,0.8,1.7,-1.65,-0.31,-1.67,-1.16,-0.97,-1.04,-1.35,0.11,1.34
"Matthews, Wesley",383,-0.74,"Matthews, Wesley",MIL,36,52,15.8,3.4,0.75,.315,2.2,0.7,0.38,0.25,.363,3.1,.857,0.5,0.3,1.4,-2.05,-0.81,-1.51,-1.46,-1.50,-0.77,-0.57,0.07,1.90
"Omoruyi, Eugene",384,-0.74,"Omoruyi, Eugene",DET,25,40,16.1,7.0,0.63,.281,2.8,0.7,0.70,0.08,.443,5.7,.680,1.9,0.9,2.3,-1.52,-0.93,-1.27,-1.44,-0.70,-1.11,-0.41,-0.62,1.30
"Bertans, Davis",385,-0.74,"Bertans, Davis",DAL,30,45,10.9,4.6,1.22,.390,1.2,0.5,0.24,0.18,.431,3.6,.867,0.3,0.2,1.2,-1.88,-0.37,-1.93,-1.54,-1.85,-0.91,-0.32,0.05,2.05
"Minott, Josh",386,-0.75,"Minott, Josh",MIN,20,15,6.4,3.1,0.13,.333,1.7,0.3,0.27,0.40,.500,2.4,1.000,0.5,0.2,0.7,-2.11,-1.38,-1.73,-1.60,-1.80,-0.48,0.01,0.28,2.08
"Bouyea, Jamaree",387,-0.75,"Bouyea, Jamaree",WAS,23,5,14.1,3.0,0.40,.333,1.2,0.8,0.80,0.40,.429,2.8,.500,0.4,0.8,1.2,-2.12,-1.14,-1.92,-1.39,-0.44,-0.48,-0.26,-0.33,1.36
"Azubuike, Udoka",388,-0.75,"Azubuike, Udoka",UTA,23,36,10.0,3.5,0.00,.000,3.3,0.3,0.17,0.44,.819,2.0,.350,0.6,0.5,0.9,-2.05,-1.51,-1.05,-1.61,-2.05,-0.39,0.89,-0.69,1.72
"Holiday, Justin",389,-0.75,"Holiday, Justin",DAL,33,46,15.3,4.5,1.00,.322,1.2,0.9,0.41,0.39,.377,4.4,.625,0.2,0.5,1.5,-1.90,-0.58,-1.92,-1.35,-1.43,-0.50,-0.73,-0.09,1.75
"Nunn, Kendrick",390,-0.75,"Nunn, Kendrick",WAS,27,70,13.7,7.1,1.13,.354,1.6,1.3,0.40,0.10,.424,6.4,.854,0.6,0.9,0.9,-1.50,-0.46,-1.77,-1.18,-1.46,-1.06,-0.63,0.08,1.20
"Banton, Dalano",391,-0.76,"Banton, Dalano",TOR,23,31,9.0,4.6,0.48,.294,1.5,1.2,0.42,0.42,.420,4.2,.708,0.8,0.6,1.1,-1.88,-1.06,-1.82,-1.23,-1.41,-0.44,-0.44,-0.20,1.62
"Robinson, Duncan",392,-0.76,"Robinson, Duncan",MIA,28,42,16.5,6.4,1.50,.328,1.6,1.1,0.33,0.00,.371,5.6,.906,0.8,0.7,1.8,-1.61,-0.12,-1.75,-1.26,-1.63,-1.26,-0.97,0.21,1.52
"Mills, Patrick",393,-0.76,"Mills, Patrick",BKN,34,40,14.2,6.2,1.23,.366,1.1,1.4,0.38,0.08,.411,5.2,.833,0.8,0.8,0.8,-1.64,-0.37,-1.96,-1.13,-1.52,-1.11,-0.61,0.06,1.42
"Iguodala, Andre",394,-0.76,"Iguodala, Andre",GSW,38,8,14.1,2.1,0.13,.111,2.1,2.4,0.50,0.38,.467,1.9,.667,0.4,1.1,1.4,-2.25,-1.39,-1.54,-0.70,-1.21,-0.53,-0.08,-0.14,0.97
"Zeller, Cody",395,-0.77,"Zeller, Cody",MIA,30,16,13.8,6.3,0.00,.000,4.2,0.6,0.19,0.25,.603,3.9,.686,2.2,0.9,2.1,-1.62,-1.51,-0.69,-1.47,-2.00,-0.77,0.59,-0.69,1.27
"Potter, Micah",396,-0.77,"Potter, Micah",UTA,24,7,7.5,3.4,0.57,.571,2.3,0.6,0.14,0.00,.667,2.1,.000,0.0,0.3,0.7,-2.06,-0.98,-1.47,-1.49,-2.11,-1.26,0.50,-0.01,1.98
"Dieng, Gorgui",397,-0.77,"Dieng, Gorgui",SAS,32,31,11.6,3.9,0.68,.280,3.5,1.7,0.13,0.45,.385,3.8,.769,0.4,1.0,1.8,-1.98,-0.88,-0.99,-0.99,-2.15,-0.38,-0.58,-0.04,1.08
"Dieng, Ousmane",398,-0.77,"Dieng, Ousmane",OKC,19,39,14.6,4.9,0.67,.265,2.7,1.2,0.36,0.18,.420,4.6,.652,0.6,0.7,1.1,-1.82,-0.89,-1.30,-1.22,-1.56,-0.91,-0.49,-0.25,1.52
"Lewis, Kira",399,-0.77,"Lewis, Kira",NOR,21,26,9.2,4.4,0.58,.429,1.3,0.9,0.38,0.08,.444,3.5,.864,0.8,0.4,0.9,-1.91,-0.97,-1.87,-1.36,-1.50,-1.11,-0.25,0.14,1.86
"Culver, Jarrett",400,-0.78,"Culver, Jarrett",ATL,23,10,13.7,4.4,0.10,.083,3.8,0.6,0.60,0.20,.395,4.3,.692,1.3,0.7,1.4,-1.91,-1.41,-0.85,-1.48,-0.95,-0.87,-0.60,-0.39,1.48
"Garza, Luka",401,-0.78,"Garza, Luka",MIN,24,28,8.7,6.5,0.50,.359,2.3,0.6,0.11,0.07,.543,4.1,.788,1.9,0.5,1.5,-1.59,-1.04,-1.49,-1.46,-2.20,-1.12,0.27,-0.07,1.72
"Mobley, Isaiah",402,-0.78,"Mobley, Isaiah",CLE,22,12,7.0,2.6,0.25,.375,1.7,0.3,0.33,0.25,.429,2.3,1.000,0.3,0.1,0.7,-2.18,-1.27,-1.73,-1.64,-1.63,-0.77,-0.22,0.17,2.22
"Morris, Markieff",403,-0.78,"Morris, Markieff",DAL,33,35,10.1,3.8,0.80,.394,2.0,0.9,0.26,0.14,.409,3.3,1.000,0.3,0.5,1.4,-2.00,-0.77,-1.58,-1.35,-1.82,-0.98,-0.40,0.15,1.70
"Neto, Raul",404,-0.79,"Neto, Raul",CLE,30,48,10.5,3.3,0.25,.286,1.0,1.6,0.35,0.08,.518,2.3,.912,0.7,0.5,1.0,-2.08,-1.27,-2.02,-1.02,-1.58,-1.10,0.07,0.21,1.72
"Schofield, Admiral",405,-0.79,"Schofield, Admiral",ORL,25,37,12.2,4.2,0.65,.324,1.7,0.8,0.22,0.14,.451,3.3,.913,0.6,0.4,1.6,-1.94,-0.91,-1.72,-1.38,-1.93,-1.00,-0.21,0.18,1.80
"Hernangomez, Juan",406,-0.79,"Hernangomez, Juan",TOR,27,42,14.6,2.9,0.40,.254,2.9,0.6,0.38,0.14,.421,2.7,.563,0.4,0.4,1.0,-2.13,-1.13,-1.21,-1.48,-1.51,-0.98,-0.28,-0.25,1.89
"Sneed, Xavier",407,-0.79,"Sneed, Xavier",CHA,25,4,12.1,4.3,0.75,.500,1.3,1.3,0.00,0.25,.500,2.5,1.000,1.0,0.8,1.8,-1.93,-0.81,-1.90,-1.19,-2.47,-0.77,0.01,0.53,1.42
"Harris, Kevon",408,-0.79,"Harris, Kevon",ORL,25,34,13.4,4.1,0.47,.372,2.1,0.5,0.50,0.15,.439,3.1,.756,1.2,0.6,1.6,-1.95,-1.07,-1.57,-1.54,-1.21,-0.97,-0.25,-0.15,1.58
"Wright, McKinley",409,-0.79,"Wright, McKinley",DAL,24,27,12.4,4.2,0.33,.321,1.7,2.1,0.30,0.19,.469,3.6,.684,0.7,0.7,0.9,-1.93,-1.20,-1.70,-0.80,-1.72,-0.90,-0.13,-0.23,1.47
"House, Danuel",410,-0.80,"House, Danuel",PHI,29,56,14.4,4.8,0.66,.336,1.7,0.8,0.25,0.16,.472,3.5,.750,1.1,0.5,1.2,-1.85,-0.89,-1.72,-1.40,-1.84,-0.95,-0.12,-0.15,1.76
"Jackson, Quenton",411,-0.80,"Jackson, Quenton",WAS,24,9,15.0,6.2,0.11,.083,0.9,1.7,0.44,0.11,.452,4.7,.773,2.4,0.4,1.1,-1.63,-1.40,-2.05,-1.01,-1.35,-1.04,-0.28,-0.19,1.79
"Butler, John",412,-0.80,"Butler, John",POR,20,19,11.6,2.4,0.42,.229,0.9,0.6,0.37,0.47,.321,2.8,.750,0.2,0.1,1.2,-2.22,-1.12,-2.04,-1.49,-1.54,-0.33,-0.68,-0.04,2.26
"Moody, Moses",413,-0.80,"Moody, Moses",GSW,20,63,13.0,4.8,0.78,.363,1.7,0.8,0.29,0.11,.476,3.6,.698,0.8,0.5,0.9,-1.85,-0.79,-1.73,-1.39,-1.75,-1.04,-0.10,-0.24,1.67
"Christopher, Josh",414,-0.80,"Christopher, Josh",HOU,21,64,12.3,5.8,0.33,.236,1.1,1.1,0.52,0.23,.465,5.1,.750,0.9,0.9,0.9,-1.69,-1.20,-1.96,-1.24,-1.17,-0.80,-0.22,-0.14,1.19
"Pritchard, Payton",415,-0.80,"Pritchard, Payton",BOS,24,48,13.4,5.6,1.17,.364,1.8,1.3,0.29,0.02,.412,5.1,.750,0.3,0.8,0.8,-1.72,-0.43,-1.66,-1.16,-1.73,-1.22,-0.59,-0.05,1.32
"Days, Darius",416,-0.80,"Days, Darius",HOU,23,4,6.2,3.8,0.75,.300,1.5,0.3,0.00,0.25,.417,3.0,1.000,0.5,0.0,0.5,-2.01,-0.81,-1.80,-1.64,-2.47,-0.77,-0.33,0.26,2.32
"Green, AJ",417,-0.81,"Green, AJ",MIL,23,35,9.9,4.4,1.26,.419,1.3,0.6,0.14,0.00,.424,3.6,1.000,0.1,0.3,0.9,-1.91,-0.34,-1.88,-1.47,-2.11,-1.26,-0.36,0.05,2.01
"Rhoden, Jared",418,-0.81,"Rhoden, Jared",DET,23,14,14.1,3.2,0.36,.250,2.6,0.3,0.29,0.07,.386,3.1,1.000,0.4,0.2,1.6,-2.09,-1.18,-1.32,-1.62,-1.75,-1.12,-0.48,0.22,2.06
"Christie, Max",419,-0.81,"Christie, Max",LAL,19,41,12.5,3.1,0.63,.419,1.8,0.5,0.22,0.17,.415,2.6,.875,0.4,0.3,0.8,-2.10,-0.92,-1.66,-1.52,-1.92,-0.93,-0.29,0.07,1.97
"McGee, JaVale",420,-0.81,"McGee, JaVale",DAL,34,42,8.4,4.4,0.05,.400,2.5,0.3,0.10,0.62,.640,3.0,.585,1.0,0.8,1.3,-1.90,-1.46,-1.36,-1.63,-2.23,-0.05,0.59,-0.58,1.32
"Flynn, Malachi",421,-0.81,"Flynn, Malachi",TOR,24,53,13.0,4.6,0.89,.353,1.4,1.3,0.40,0.08,.360,4.6,.758,0.6,0.5,1.2,-1.87,-0.69,-1.82,-1.16,-1.47,-1.11,-0.86,-0.08,1.75
"Williams, Ziaire",422,-0.82,"Williams, Ziaire",MEM,21,37,15.2,5.7,0.68,.258,2.1,0.9,0.38,0.16,.429,5.3,.773,0.6,1.0,1.6,-1.71,-0.88,-1.53,-1.33,-1.51,-0.94,-0.49,-0.05,1.12
"Houstan, Caleb",423,-0.82,"Houstan, Caleb",ORL,19,51,15.9,3.8,0.90,.338,1.9,0.6,0.25,0.14,.361,3.6,.833,0.4,0.4,1.2,-2.00,-0.67,-1.61,-1.49,-1.83,-0.99,-0.67,0.02,1.90
"Edwards, Kessler",424,-0.82,"Edwards, Kessler",SAC,22,35,11.0,2.9,0.49,.304,1.7,0.7,0.40,0.17,.387,2.7,.733,0.4,0.4,1.1,-2.14,-1.06,-1.70,-1.46,-1.46,-0.93,-0.40,-0.09,1.87
"Gibson, Taj",425,-0.82,"Gibson, Taj",WAS,37,48,10.0,3.5,0.17,.333,1.9,0.7,0.31,0.25,.520,2.6,.714,0.9,0.5,1.8,-2.04,-1.35,-1.62,-1.43,-1.68,-0.77,0.08,-0.21,1.67
"Toscano, Juan",426,-0.82,"Toscano, Juan",UTA,29,52,13.5,3.0,0.15,.186,2.4,1.3,0.31,0.19,.448,2.8,.792,0.5,0.7,1.5,-2.12,-1.36,-1.43,-1.19,-1.69,-0.88,-0.19,-0.02,1.53
"McBride, Miles",427,-0.82,"McBride, Miles",NYK,22,64,11.9,3.5,0.63,.299,0.8,1.1,0.58,0.13,.358,3.4,.667,0.7,0.4,0.9,-2.05,-0.93,-2.09,-1.25,-1.01,-1.02,-0.64,-0.25,1.85
"Beauchamp, MarJon",428,-0.82,"Beauchamp, MarJon",MIL,22,52,13.5,5.1,0.90,.331,2.2,0.7,0.40,0.13,.395,4.7,.730,0.7,0.9,1.4,-1.80,-0.67,-1.50,-1.45,-1.45,-1.00,-0.65,-0.14,1.28
"Thor, J.T.",429,-0.82,"Thor, J.T.",CHA,20,69,14.0,3.8,0.57,.317,2.2,0.5,0.32,0.33,.399,3.4,.702,0.7,0.6,1.0,-2.00,-0.98,-1.51,-1.52,-1.67,-0.61,-0.46,-0.19,1.55
"Brown, Sterling",430,-0.82,"Brown, Sterling",LAL,27,4,6.1,0.0,0.00,.000,2.0,0.5,0.75,0.00,.000,1.0,.000,0.0,0.0,1.0,-2.58,-1.51,-1.59,-1.53,-0.57,-1.26,-0.70,-0.01,2.32
"Springer, Jaden",431,-0.82,"Springer, Jaden",PHI,20,16,5.6,2.6,0.13,.400,0.9,0.5,0.44,0.19,.486,2.2,.750,0.5,0.2,0.9,-2.18,-1.39,-2.05,-1.53,-1.36,-0.89,-0.04,-0.08,2.10
"Dotson, Devon",432,-0.83,"Dotson, Devon",WAS,23,6,8.9,0.5,0.17,.333,1.7,1.3,0.83,0.00,.111,1.5,.000,0.0,0.5,1.5,-2.50,-1.35,-1.73,-1.16,-0.36,-1.26,-0.81,-0.01,1.72
"Johnson, James",433,-0.83,"Johnson, James",IND,35,18,9.0,2.8,0.17,.200,1.7,0.8,0.39,0.33,.449,2.7,.500,0.4,0.4,1.8,-2.15,-1.35,-1.73,-1.38,-1.49,-0.61,-0.18,-0.37,1.79
"Diabate, Moussa",434,-0.83,"Diabate, Moussa",LAC,20,22,8.9,2.7,0.05,.500,2.3,0.2,0.32,0.36,.511,2.1,.625,0.7,0.4,0.7,-2.17,-1.46,-1.48,-1.67,-1.67,-0.55,0.04,-0.35,1.83
"Fontecchio, Simone",435,-0.83,"Fontecchio, Simone",UTA,27,52,14.7,6.3,1.21,.330,1.7,0.8,0.29,0.15,.369,6.0,.795,0.8,0.8,1.2,-1.62,-0.38,-1.73,-1.39,-1.74,-0.96,-1.05,-0.02,1.42
"Schakel, Jordan",436,-0.83,"Schakel, Jordan",WAS,24,2,3.1,1.5,0.50,1.000,0.0,0.5,0.50,0.00,.500,1.0,.000,0.0,0.0,0.5,-2.35,-1.04,-2.41,-1.53,-1.21,-1.26,0.00,-0.01,2.32
"Kaminsky, Frank",437,-0.83,"Kaminsky, Frank",HOU,29,35,6.7,2.5,0.37,.394,1.5,0.9,0.17,0.11,.492,1.8,.875,0.5,0.3,0.6,-2.19,-1.16,-1.80,-1.34,-2.04,-1.04,-0.01,0.08,2.01
"LaRavia, Jake",438,-0.83,"LaRavia, Jake",MEM,21,35,11.8,3.0,0.69,.338,1.8,0.6,0.34,0.11,.389,2.7,.778,0.3,0.5,1.4,-2.12,-0.87,-1.67,-1.48,-1.60,-1.04,-0.40,-0.02,1.70
"Rose, Derrick",439,-0.84,"Rose, Derrick",NYK,34,27,12.5,5.6,0.70,.302,1.5,1.7,0.26,0.19,.384,5.9,.917,0.4,0.8,0.7,-1.72,-0.85,-1.80,-0.99,-1.82,-0.90,-0.91,0.13,1.34
"Holmes, Richaun",440,-0.84,"Holmes, Richaun",SAC,29,42,8.3,3.1,0.12,.625,1.9,0.2,0.07,0.26,.618,2.1,.789,0.5,0.3,1.2,-2.11,-1.40,-1.63,-1.65,-2.29,-0.75,0.36,-0.02,1.92
"Ibaka, Serge",441,-0.84,"Ibaka, Serge",MIL,33,16,11.6,4.1,0.38,.333,2.8,0.3,0.13,0.44,.481,3.4,.615,0.8,0.7,1.4,-1.95,-1.16,-1.28,-1.64,-2.16,-0.40,-0.07,-0.42,1.49
"Dragic, Goran",442,-0.84,"Dragic, Goran",MIL,36,58,15.0,6.3,0.90,.359,1.4,2.6,0.22,0.07,.421,5.8,.689,0.8,1.1,1.1,-1.62,-0.68,-1.84,-0.59,-1.91,-1.13,-0.60,-0.24,1.01
"Dowtin, Jeff",443,-0.84,"Dowtin, Jeff",TOR,25,25,10.3,2.4,0.20,.313,0.9,1.2,0.36,0.12,.439,2.3,.667,0.4,0.2,0.5,-2.21,-1.32,-2.03,-1.20,-1.56,-1.03,-0.19,-0.14,2.08
"Boston Jr., Brandon",444,-0.84,"Boston Jr., Brandon",LAC,21,22,11.3,6.5,0.55,.414,1.4,0.9,0.41,0.00,.418,5.5,.763,1.7,0.5,1.0,-1.59,-1.00,-1.85,-1.34,-1.44,-1.26,-0.59,-0.18,1.66
"Washington, TyTy",445,-0.85,"Washington, TyTy",HOU,21,31,14.0,4.7,0.61,.238,1.5,1.5,0.48,0.06,.363,5.2,.556,0.6,0.5,0.9,-1.86,-0.94,-1.82,-1.08,-1.25,-1.13,-0.95,-0.39,1.78
"Diakite, Mamadi",446,-0.85,"Diakite, Mamadi",CLE,25,22,8.0,2.6,0.32,.333,1.4,0.4,0.18,0.41,.480,2.3,1.000,0.1,0.5,1.2,-2.18,-1.21,-1.85,-1.59,-2.01,-0.46,-0.05,0.04,1.66
"Brown, Kendall",447,-0.85,"Brown, Kendall",IND,19,6,6.7,1.5,0.00,.000,1.0,0.5,0.67,0.00,.571,1.2,.500,0.3,0.3,1.5,-2.35,-1.51,-2.00,-1.53,-0.78,-1.26,0.12,-0.28,1.92
"Baldwin, Patrick",448,-0.85,"Baldwin, Patrick",GSW,20,31,7.3,3.9,1.03,.381,1.3,0.4,0.19,0.13,.394,3.5,.667,0.2,0.4,0.5,-1.98,-0.55,-1.88,-1.59,-1.98,-1.01,-0.50,-0.08,1.89
"Kabengele, Mfiondu",449,-0.85,"Kabengele, Mfiondu",BOS,25,4,9.1,1.5,0.00,.000,2.5,0.0,0.50,0.00,.286,1.8,1.000,0.5,0.3,0.8,-2.35,-1.51,-1.38,-1.75,-1.21,-1.26,-0.52,0.26,2.02
"Bouknight, James",450,-0.86,"Bouknight, James",CHA,22,34,15.2,5.6,0.97,.303,2.1,1.2,0.41,0.15,.358,5.7,.667,0.9,0.9,1.4,-1.72,-0.61,-1.54,-1.21,-1.43,-0.97,-1.09,-0.33,1.19
"Queen, Trevelin",451,-0.86,"Queen, Trevelin",IND,25,7,10.0,3.0,0.29,.133,2.4,0.9,0.29,0.71,.241,4.1,1.000,0.7,1.0,0.6,-2.12,-1.24,-1.41,-1.37,-1.75,0.14,-1.46,0.38,1.12
"Davis, Johnny",452,-0.86,"Davis, Johnny",WAS,20,28,15.1,5.8,0.61,.243,2.3,1.0,0.36,0.29,.386,6.1,.519,1.0,0.6,1.7,-1.69,-0.94,-1.49,-1.30,-1.57,-0.70,-0.93,-0.75,1.63
"Wigginton, Lindell",453,-0.86,"Wigginton, Lindell",MIL,24,7,12.4,7.1,0.86,.333,1.0,2.0,0.00,0.29,.486,5.3,.889,1.3,1.7,1.0,-1.49,-0.71,-2.00,-0.86,-2.47,-0.70,-0.06,0.30,0.26
"Primo, Joshua",454,-0.86,"Primo, Joshua",SAS,20,4,23.3,7.0,0.75,.250,3.3,4.5,0.25,0.50,.346,6.5,.778,2.3,2.8,2.0,-1.51,-0.81,-1.07,0.25,-1.84,-0.28,-1.34,-0.14,-0.99
"Roby, Isaiah",455,-0.86,"Roby, Isaiah",SAS,24,42,11.3,4.1,0.43,.300,2.5,0.9,0.45,0.17,.432,3.7,.488,1.0,0.7,1.3,-1.95,-1.11,-1.36,-1.35,-1.33,-0.93,-0.33,-0.84,1.43
"Birch, Khem",456,-0.86,"Birch, Khem",TOR,30,20,8.1,2.2,0.05,.500,1.3,0.4,0.25,0.25,.594,1.6,.800,0.3,0.4,1.2,-2.25,-1.46,-1.90,-1.59,-1.84,-0.77,0.21,-0.01,1.84
"Walker, Jabari",457,-0.86,"Walker, Jabari",POR,20,56,11.1,3.9,0.29,.286,2.3,0.6,0.18,0.23,.419,3.5,.756,0.8,0.5,1.2,-1.99,-1.24,-1.45,-1.48,-2.02,-0.81,-0.38,-0.11,1.70
"Lofton Jr., Kenny",458,-0.87,"Lofton Jr., Kenny",MEM,20,24,7.3,5.0,0.25,.353,2.1,0.8,0.21,0.08,.527,3.9,.593,1.1,0.5,1.2,-1.82,-1.27,-1.54,-1.38,-1.95,-1.10,0.17,-0.64,1.72
"Temple, Garrett",459,-0.87,"Temple, Garrett",NOR,36,25,6.5,2.0,0.44,.423,0.7,0.5,0.36,0.08,.400,1.8,.750,0.2,0.2,0.6,-2.27,-1.10,-2.13,-1.52,-1.56,-1.10,-0.25,-0.03,2.13
"Juzang, Johnny",460,-0.87,"Juzang, Johnny",UTA,21,18,12.9,4.8,0.83,.238,2.2,0.4,0.22,0.17,.337,5.8,.500,0.2,0.2,0.7,-1.84,-0.73,-1.52,-1.55,-1.91,-0.93,-1.27,-0.19,2.12
"Gill, Anthony",461,-0.87,"Gill, Anthony",WAS,30,59,10.6,3.3,0.07,.138,1.7,0.6,0.12,0.20,.538,2.2,.731,1.1,0.3,1.2,-2.07,-1.44,-1.72,-1.49,-2.17,-0.86,0.13,-0.22,2.02
"McGowens, Bryce",462,-0.87,"McGowens, Bryce",CHA,20,46,17.1,5.3,0.57,.325,2.0,1.2,0.33,0.13,.396,4.4,.750,1.7,0.9,1.0,-1.76,-0.98,-1.58,-1.23,-1.65,-1.01,-0.61,-0.25,1.20
"Campazzo, Facundo",463,-0.88,"Campazzo, Facundo",DAL,31,8,6.5,1.3,0.38,.273,0.3,1.1,0.75,0.00,.231,1.6,.500,0.3,0.4,0.4,-2.39,-1.16,-2.31,-1.25,-0.57,-1.26,-0.60,-0.21,1.87
"Marjanovic, Boban",464,-0.88,"Marjanovic, Boban",HOU,34,31,5.5,3.3,0.00,.000,1.9,0.3,0.16,0.06,.683,1.9,.741,0.9,0.5,0.3,-2.08,-1.51,-1.62,-1.62,-2.06,-1.13,0.50,-0.15,1.78
"Len, Alex",465,-0.88,"Len, Alex",SAC,29,26,6.2,1.7,0.00,.000,2.3,0.5,0.15,0.42,.533,1.2,.688,0.6,0.6,1.1,-2.33,-1.51,-1.46,-1.54,-2.08,-0.43,0.05,-0.20,1.58
"Watson, Peyton",466,-0.88,"Watson, Peyton",DEN,20,23,8.1,3.3,0.26,.429,1.6,0.5,0.09,0.48,.492,2.6,.550,0.9,0.3,0.6,-2.08,-1.26,-1.75,-1.54,-2.25,-0.33,-0.02,-0.60,1.90
"Dorsey, Tyler",467,-0.88,"Dorsey, Tyler",DAL,26,3,2.8,3.0,0.33,.500,0.7,0.0,0.00,0.00,.800,1.7,.000,0.0,0.0,0.0,-2.12,-1.20,-2.14,-1.75,-2.47,-1.26,0.70,-0.01,2.32
"Pinson, Theo",468,-0.89,"Pinson, Theo",DAL,27,40,8.1,2.4,0.55,.355,1.6,1.2,0.15,0.03,.356,2.2,.846,0.3,0.3,0.9,-2.22,-1.00,-1.75,-1.24,-2.09,-1.21,-0.43,0.03,1.93
"Nix, Daishen",469,-0.89,"Nix, Daishen",HOU,20,57,16.0,4.0,0.70,.288,1.7,2.3,0.54,0.12,.343,4.1,.667,0.6,1.5,1.0,-1.97,-0.86,-1.70,-0.72,-1.09,-1.02,-0.88,-0.24,0.51
"Forbes, Bryn",470,-0.90,"Forbes, Bryn",MIN,29,25,10.7,3.6,0.56,.304,0.6,0.7,0.28,0.08,.361,3.3,1.000,0.6,0.5,0.9,-2.04,-0.99,-2.17,-1.45,-1.76,-1.10,-0.62,0.32,1.74
"Ryan, Matt",471,-0.90,"Ryan, Matt",MIN,25,34,9.1,3.6,0.94,.381,0.8,0.5,0.15,0.03,.370,3.2,.833,0.4,0.2,0.8,-2.03,-0.63,-2.10,-1.54,-2.10,-1.20,-0.56,0.02,2.07
"Terry, Dalen",472,-0.90,"Terry, Dalen",CHI,20,38,5.6,2.2,0.18,.259,1.0,0.6,0.29,0.13,.444,1.9,.667,0.6,0.2,0.6,-2.24,-1.34,-2.01,-1.49,-1.74,-1.00,-0.14,-0.21,2.07
"Forrest, Trent",473,-0.90,"Forrest, Trent",ATL,24,23,12.0,2.3,0.00,.000,1.6,1.7,0.30,0.09,.417,2.6,.667,0.1,0.7,0.7,-2.23,-1.51,-1.75,-1.02,-1.70,-1.09,-0.29,-0.06,1.54
"Johnson, Keon",474,-0.90,"Johnson, Keon",POR,20,40,10.4,4.7,0.70,.346,1.1,1.5,0.48,0.15,.376,4.5,.659,1.0,1.1,1.1,-1.86,-0.86,-1.96,-1.09,-1.27,-0.97,-0.74,-0.40,1.03
"Okpala, KZ",475,-0.90,"Okpala, KZ",SAC,23,35,7.1,1.3,0.20,.333,1.0,0.4,0.20,0.20,.421,1.1,.875,0.2,0.2,1.1,-2.38,-1.32,-2.01,-1.58,-1.97,-0.87,-0.12,0.04,2.08
"Haslem, Udonis",476,-0.91,"Haslem, Udonis",MIA,42,7,10.1,3.9,0.43,.333,1.6,0.0,0.14,0.29,.345,4.1,.800,0.7,0.1,1.6,-1.99,-1.11,-1.77,-1.75,-2.11,-0.70,-0.87,-0.01,2.15
"Vonleh, Noah",477,-0.91,"Vonleh, Noah",BOS,27,23,7.4,1.1,0.04,.250,2.1,0.3,0.09,0.35,.458,1.0,1.000,0.1,0.5,1.5,-2.41,-1.47,-1.55,-1.61,-2.25,-0.58,-0.06,0.04,1.75
"Ntilikina, Frank",478,-0.91,"Ntilikina, Frank",DAL,24,47,12.9,2.9,0.36,.254,1.3,1.2,0.34,0.15,.364,2.8,.667,0.7,0.6,1.4,-2.14,-1.17,-1.87,-1.20,-1.61,-0.97,-0.52,-0.26,1.58
"Knight, Nathan",479,-0.91,"Knight, Nathan",MIN,25,39,7.5,3.6,0.21,.348,1.4,0.3,0.26,0.15,.561,2.1,.684,1.5,0.5,1.1,-2.03,-1.32,-1.82,-1.60,-1.82,-0.96,0.19,-0.47,1.67
"Brown, Moses",480,-0.91,"Brown, Moses",BKN,23,36,8.2,4.3,0.00,.000,3.9,0.1,0.11,0.39,.635,2.7,.458,2.0,0.4,1.1,-1.92,-1.51,-0.82,-1.70,-2.19,-0.50,0.51,-1.87,1.82
"Lopez, Robin",481,-0.91,"Lopez, Robin",CLE,34,37,8.1,3.0,0.05,.500,1.4,0.5,0.05,0.24,.640,2.0,.778,0.5,0.7,1.2,-2.12,-1.46,-1.85,-1.52,-2.34,-0.78,0.40,-0.04,1.51
"Chandler, Kennedy",482,-0.91,"Chandler, Kennedy",MEM,20,36,7.8,2.2,0.06,.133,1.1,1.6,0.33,0.14,.422,2.3,.462,0.4,0.5,0.4,-2.25,-1.45,-1.98,-1.03,-1.63,-0.99,-0.24,-0.34,1.72
"Washington, Duane",483,-0.91,"Washington, Duane",PHO,22,31,12.7,7.9,1.29,.360,1.2,2.0,0.19,0.13,.367,8.3,.667,0.8,1.1,0.7,-1.38,-0.31,-1.92,-0.85,-1.98,-1.01,-1.46,-0.29,1.00
"Taylor, Terry",484,-0.91,"Taylor, Terry",CHI,23,31,8.5,2.9,0.16,.263,1.5,0.3,0.10,0.19,.520,2.4,.545,0.4,0.3,0.8,-2.14,-1.36,-1.79,-1.60,-2.23,-0.88,0.08,-0.25,1.97
"Queta, Neemias",485,-0.91,"Queta, Neemias",SAC,23,5,5.7,2.4,0.00,.000,2.2,0.2,0.00,0.40,.667,1.8,.000,0.4,0.2,1.4,-2.21,-1.51,-1.51,-1.66,-2.47,-0.48,0.42,-0.88,2.08
"Harper Jr., Ron",486,-0.91,"Harper Jr., Ron",TOR,22,9,5.3,2.2,0.33,.333,0.8,0.4,0.00,0.11,.500,1.8,1.000,0.1,0.0,0.3,-2.24,-1.20,-2.09,-1.55,-2.47,-1.04,0.00,0.05,2.32
"Ellis, Keon",487,-0.92,"Ellis, Keon",SAC,22,16,4.4,1.5,0.38,.500,0.5,0.4,0.31,0.06,.438,1.0,.571,0.4,0.1,0.6,-2.35,-1.16,-2.21,-1.58,-1.68,-1.14,-0.09,-0.28,2.25
"Duke, David",488,-0.92,"Duke, David",BKN,23,23,9.9,3.7,0.04,.083,1.3,0.9,0.43,0.04,.462,3.4,.706,0.7,0.8,1.3,-2.01,-1.47,-1.89,-1.34,-1.37,-1.18,-0.16,-0.20,1.38
"Windler, Dylan",489,-0.92,"Windler, Dylan",CLE,26,3,3.5,1.7,0.33,.500,0.0,0.3,0.33,0.00,.667,1.0,.000,0.0,0.3,0.0,-2.32,-1.20,-2.41,-1.60,-1.63,-1.26,0.23,-0.01,1.92
"Korkmaz, Furkan",490,-0.92,"Korkmaz, Furkan",PHI,25,37,9.6,3.8,0.49,.391,1.1,0.6,0.27,0.08,.436,3.0,.722,1.0,0.6,0.5,-2.00,-1.06,-1.95,-1.48,-1.79,-1.10,-0.25,-0.21,1.54
"Champagnie, Justin",491,-0.92,"Champagnie, Justin",BOS,21,5,6.9,2.2,0.20,.200,1.6,0.8,0.20,0.00,.333,3.0,.000,0.0,0.0,0.4,-2.24,-1.32,-1.75,-1.39,-1.97,-1.26,-0.68,-0.01,2.32
"Moore, Wendell",492,-0.92,"Moore, Wendell",MIN,21,29,5.3,1.4,0.07,.118,0.6,0.6,0.28,0.17,.419,1.5,.800,0.2,0.3,0.4,-2.36,-1.44,-2.16,-1.47,-1.77,-0.92,-0.17,-0.01,1.99
"Bradley, Tony",493,-0.92,"Bradley, Tony",CHI,24,12,2.8,1.6,0.25,.600,0.9,0.1,0.08,0.08,.500,1.0,1.000,0.3,0.1,0.2,-2.34,-1.27,-2.04,-1.71,-2.26,-1.10,0.00,0.17,2.22
"Reed, Davon",494,-0.93,"Reed, Davon",LAL,27,43,8.0,2.1,0.40,.370,1.3,0.5,0.35,0.09,.333,2.0,.667,0.6,0.5,0.9,-2.26,-1.14,-1.86,-1.51,-1.59,-1.08,-0.45,-0.21,1.76
"Simmons, Kobi",495,-0.93,"Simmons, Kobi",CHA,25,5,5.6,1.0,0.20,.200,0.8,1.0,0.00,0.40,.167,1.2,1.000,0.4,0.2,0.0,-2.43,-1.32,-2.08,-1.30,-2.47,-0.48,-0.56,0.21,2.08
"Williams, Vince",496,-0.93,"Williams, Vince",MEM,22,15,7.0,2.0,0.27,.143,1.0,0.3,0.40,0.13,.300,2.7,1.000,0.1,0.3,0.8,-2.27,-1.26,-2.00,-1.63,-1.46,-1.00,-0.73,0.06,1.92
"Preston, Jason",497,-0.94,"Preston, Jason",LAC,23,14,8.8,2.9,0.36,.278,1.6,1.9,0.14,0.00,.439,2.9,.000,0.1,0.7,0.5,-2.13,-1.18,-1.77,-0.89,-2.11,-1.26,-0.23,-0.32,1.46
"Lawson, A.J.",498,-0.94,"Lawson, A.J.",DAL,22,15,7.2,3.7,0.67,.400,1.4,0.1,0.13,0.00,.500,2.9,.250,0.5,0.1,0.7,-2.01,-0.89,-1.84,-1.69,-2.14,-1.26,0.01,-0.81,2.16
"White, Jack",499,-0.94,"White, Jack",DEN,25,17,3.9,1.2,0.18,.333,1.0,0.2,0.18,0.12,.421,1.1,.667,0.2,0.1,0.5,-2.39,-1.34,-2.00,-1.64,-2.03,-1.03,-0.12,-0.07,2.18
"Coffey, Amir",500,-0.95,"Coffey, Amir",LAC,25,50,12.5,3.4,0.22,.275,1.1,1.1,0.14,0.10,.386,2.9,.778,1.3,0.4,1.0,-2.05,-1.30,-1.98,-1.28,-2.12,-1.06,-0.44,-0.08,1.82
"Davison, J.D.",501,-0.95,"Davison, J.D.",BOS,20,12,5.5,1.6,0.17,.286,0.8,0.9,0.17,0.17,.421,1.6,.500,0.2,0.3,0.4,-2.34,-1.35,-2.10,-1.34,-2.05,-0.93,-0.17,-0.14,1.92
"Wesley, Blake",502,-0.95,"Wesley, Blake",SAS,19,37,18.1,5.0,0.54,.385,2.2,2.6,0.68,0.14,.321,5.8,.591,1.2,1.8,1.8,-1.82,-1.01,-1.50,-0.57,-0.76,-1.00,-1.41,-0.68,0.21
"Dozier, P.J.",503,-0.95,"Dozier, P.J.",SAC,26,16,5.0,1.4,0.13,.125,0.9,0.6,0.38,0.06,.303,2.1,.000,0.0,0.3,0.4,-2.37,-1.39,-2.05,-1.47,-1.52,-1.14,-0.56,-0.01,1.95
"Krejci, Vit",504,-0.96,"Krejci, Vit",ATL,22,29,5.7,1.2,0.17,.238,0.9,0.6,0.17,0.03,.405,1.3,.500,0.1,0.2,0.6,-2.39,-1.35,-2.03,-1.49,-2.04,-1.19,-0.17,-0.07,2.11
"Carey Jr., Vernon",505,-0.96,"Carey Jr., Vernon",WAS,21,11,2.6,0.5,0.00,.000,1.0,0.3,0.18,0.18,.250,0.7,1.000,0.2,0.2,0.5,-2.49,-1.51,-2.00,-1.63,-2.01,-0.90,-0.26,0.09,2.10
"Jones, Carlik",506,-0.96,"Jones, Carlik",CHI,25,7,8.0,2.9,0.43,.500,0.7,0.9,0.29,0.00,.400,2.1,.625,1.1,0.3,0.3,-2.14,-1.11,-2.12,-1.37,-1.75,-1.26,-0.29,-0.55,1.98
"Smith, Ishmael",507,-0.96,"Smith, Ishmael",DEN,34,43,9.3,2.5,0.05,.167,1.3,2.3,0.19,0.16,.397,3.0,.500,0.1,1.0,0.8,-2.19,-1.46,-1.90,-0.72,-2.00,-0.94,-0.42,-0.08,1.09
"Jackson, Justin",508,-0.96,"Jackson, Justin",BOS,27,23,4.7,0.9,0.22,.250,0.7,0.4,0.17,0.17,.259,1.2,.500,0.1,0.1,0.3,-2.45,-1.30,-2.11,-1.57,-2.03,-0.92,-0.39,-0.08,2.22
"Swider, Cole",509,-0.97,"Swider, Cole",LAL,23,7,5.8,1.3,0.43,.375,1.0,0.6,0.00,0.00,.333,1.3,.000,0.0,0.0,0.4,-2.38,-1.11,-2.00,-1.49,-2.47,-1.26,-0.30,-0.01,2.32
"Arcidiacono, Ryan",510,-0.97,"Arcidiacono, Ryan",POR,28,20,8.6,1.3,0.40,.348,0.8,1.2,0.25,0.00,.243,1.9,.000,0.0,0.4,0.9,-2.38,-1.14,-2.10,-1.24,-1.84,-1.26,-0.65,-0.01,1.90
"Key, Braxton",511,-0.97,"Key, Braxton",DET,25,3,3.0,1.3,0.00,.000,0.3,0.0,0.00,0.00,1.000,0.3,1.000,0.7,0.0,0.0,-2.37,-1.51,-2.28,-1.75,-2.47,-1.26,0.22,0.35,2.32
"Dellavedova, Matthew",512,-0.97,"Dellavedova, Matthew",SAC,32,32,6.6,1.5,0.28,.333,0.4,1.3,0.22,0.00,.340,1.6,.571,0.2,0.3,0.6,-2.35,-1.25,-2.25,-1.18,-1.92,-1.26,-0.34,-0.14,1.95
"Carter-Williams, Michael",513,-1.00,"Carter-Williams, Michael",ORL,31,4,11.1,4.3,0.25,.333,1.3,1.8,0.25,0.25,.429,3.5,.571,1.8,1.0,1.3,-1.93,-1.27,-1.90,-0.97,-1.84,-0.77,-0.33,-1.10,1.12
"Brown, Greg",514,-1.00,"Brown, Greg",POR,21,16,5.8,1.8,0.06,.143,1.2,0.2,0.25,0.31,.393,1.8,.417,0.8,0.4,0.8,-2.31,-1.45,-1.92,-1.66,-1.84,-0.65,-0.26,-0.79,1.87
"Hill, Malcolm",515,-1.01,"Hill, Malcolm",CHI,27,5,1.8,1.0,0.20,.333,0.6,0.0,0.00,0.00,.500,0.8,.000,0.0,0.0,0.2,-2.43,-1.32,-2.17,-1.75,-2.47,-1.26,0.00,-0.01,2.32
"Moon, Xavier",516,-1.01,"Moon, Xavier",LAC,27,4,4.9,1.8,0.25,.333,0.8,1.3,0.00,0.00,.333,2.3,.000,0.0,0.3,0.5,-2.31,-1.27,-2.10,-1.19,-2.47,-1.26,-0.51,-0.01,2.02
"Boeheim, Buddy",517,-1.02,"Boeheim, Buddy",DET,23,10,9.0,1.6,0.40,.160,0.6,0.4,0.20,0.00,.185,2.7,1.000,0.2,0.0,0.6,-2.33,-1.14,-2.17,-1.57,-1.97,-1.26,-1.17,0.10,2.32
"Martin, Tyrese",518,-1.02,"Martin, Tyrese",ATL,23,16,4.1,1.3,0.06,.143,0.8,0.1,0.06,0.00,.391,1.4,1.000,0.1,0.1,0.1,-2.38,-1.45,-2.10,-1.69,-2.32,-1.26,-0.22,0.06,2.17
"Johnson, Alize",519,-1.03,"Johnson, Alize",SAS,26,4,7.4,1.8,0.00,.000,2.5,0.3,0.25,0.00,.500,1.5,.500,0.5,1.0,0.8,-2.31,-1.51,-1.38,-1.64,-1.84,-1.26,0.00,-0.42,1.12
"Hall, Jordan",520,-1.03,"Hall, Jordan",SAS,20,9,9.1,3.1,0.33,.200,1.3,1.2,0.11,0.00,.321,3.1,.778,1.0,0.8,0.7,-2.10,-1.20,-1.86,-1.21,-2.19,-1.26,-0.76,-0.07,1.39
"Williams, Donovan",521,-1.03,"Williams, Donovan",ATL,21,2,2.1,2.0,0.00,.000,1.0,0.0,0.00,0.00,.400,2.5,.000,0.0,0.0,0.0,-2.27,-1.51,-2.00,-1.75,-2.47,-1.26,-0.34,-0.01,2.32
"Todd, Isaiah",522,-1.04,"Todd, Isaiah",WAS,21,6,10.2,1.5,0.17,.100,2.0,0.7,0.17,0.00,.167,3.0,1.000,0.3,0.3,0.7,-2.35,-1.35,-1.59,-1.45,-2.05,-1.26,-1.37,0.17,1.92
"Hudgins, Trevor",523,-1.04,"Hudgins, Trevor",HOU,23,5,5.7,1.8,0.40,.250,0.0,0.6,0.00,0.00,.222,1.8,1.000,0.6,0.2,0.2,-2.30,-1.14,-2.41,-1.48,-2.47,-1.26,-0.69,0.32,2.08
"Keels, Trevor",524,-1.04,"Keels, Trevor",NYK,19,3,2.7,1.0,0.33,.250,0.7,0.0,0.00,0.00,.250,1.3,.000,0.0,0.0,0.0,-2.43,-1.20,-2.14,-1.75,-2.47,-1.26,-0.46,-0.01,2.32
"Antetokounmpo, Thanasis",525,-1.05,"Antetokounmpo, Thanasis",MIL,30,37,5.6,1.4,0.00,.000,1.2,0.4,0.08,0.08,.435,1.2,.500,0.6,0.3,0.6,-2.37,-1.51,-1.92,-1.57,-2.27,-1.10,-0.11,-0.49,1.93
"Pippen Jr., Scotty",526,-1.05,"Pippen Jr., Scotty",LAL,22,6,5.3,2.3,0.17,.333,0.7,0.3,0.33,0.17,.333,2.0,.556,1.5,0.3,0.5,-2.22,-1.35,-2.14,-1.60,-1.63,-0.93,-0.46,-1.01,1.92
"Seabron, Dereon",527,-1.07,"Seabron, Dereon",NOR,22,5,2.3,0.8,0.00,.000,0.2,0.0,0.00,0.00,.400,1.0,.000,0.0,0.0,0.2,-2.46,-1.51,-2.33,-1.75,-2.47,-1.26,-0.14,-0.01,2.32
"Wieskamp, Joe",528,-1.07,"Wieskamp, Joe",TOR,23,9,5.5,1.0,0.33,.250,0.4,0.3,0.00,0.00,.214,1.6,.000,0.0,0.1,0.3,-2.43,-1.20,-2.23,-1.60,-2.47,-1.26,-0.61,-0.01,2.19
"Foster, Michael",529,-1.08,"Foster, Michael",PHI,19,1,1.0,0.0,0.00,.000,0.0,0.0,0.00,0.00,.000,0.0,.000,0.0,0.0,0.0,-2.58,-1.51,-2.41,-1.75,-2.47,-1.26,-0.01,-0.01,2.32
"Bolmaro, Leandro",530,-1.09,"Bolmaro, Leandro",UTA,22,14,4.9,0.4,0.00,.000,0.5,0.5,0.21,0.07,.150,1.4,.000,0.0,0.5,0.7,-2.51,-1.51,-2.21,-1.53,-1.93,-1.12,-0.69,-0.01,1.72
"Rollins, Ryan",531,-1.09,"Rollins, Ryan",GSW,20,12,5.2,1.9,0.25,.333,1.0,0.5,0.08,0.08,.350,1.7,1.000,0.5,1.3,0.8,-2.29,-1.27,-2.00,-1.53,-2.26,-1.10,-0.34,0.26,0.72
"Simonovic, Marko",532,-1.09,"Simonovic, Marko",CHI,23,7,2.8,0.9,0.14,.250,0.3,0.0,0.00,0.00,.286,1.0,.500,0.3,0.0,0.7,-2.45,-1.37,-2.30,-1.75,-2.47,-1.26,-0.30,-0.24,2.32
"Silva, Chris",533,-1.10,"Silva, Chris",DAL,26,1,3.0,2.0,0.00,.000,0.0,0.0,0.00,0.00,1.000,1.0,.000,0.0,1.0,2.0,-2.27,-1.51,-2.41,-1.75,-2.47,-1.26,0.69,-0.01,1.12
"Quinones, Lester",534,-1.10,"Quinones, Lester",GSW,22,4,4.5,2.5,0.50,.500,0.8,0.5,0.25,0.00,.400,1.3,.667,1.5,1.3,0.0,-2.20,-1.04,-2.10,-1.53,-1.84,-1.26,-0.17,-0.55,0.82
"Burton, Deonte",535,-1.15,"Burton, Deonte",SAC,31,2,3.2,0.0,0.00,.000,0.0,0.0,0.00,0.00,.000,1.0,.000,0.0,0.0,0.0,-2.58,-1.51,-2.41,-1.75,-2.47,-1.26,-0.70,-0.01,2.32
"Jackson, Frank",536,-1.16,"Jackson, Frank",UTA,24,1,5.1,0.0,0.00,.000,2.0,1.0,0.00,0.00,.000,3.0,.000,0.0,0.0,0.0,-2.58,-1.51,-1.59,-1.30,-2.47,-1.26,-2.07,-0.01,2.32
"Comanche, Chance",537,-1.18,"Comanche, Chance",POR,26,1,20.8,7.0,0.00,.000,3.0,0.0,0.00,1.00,.600,5.0,.250,4.0,0.0,0.0,-1.51,-1.51,-1.18,-1.75,-2.47,0.70,0.73,-5.99,2.32
"Williams, Alondes",538,-1.30,"Williams, Alondes",BKN,23,1,5.3,0.0,0.00,.000,1.0,0.0,0.00,0.00,.000,0.0,.000,0.0,2.0,1.0,-2.58,-1.51,-2.00,-1.75,-2.47,-1.26,-0.01,-0.01,-0.09
"Moneke, Chima",539,-1.36,"Moneke, Chima",SAC,27,2,4.0,1.0,0.00,.000,1.0,0.5,0.00,0.00,.500,1.0,.000,1.0,1.0,1.0,-2.43,-1.51,-2.00,-1.53,-2.47,-1.26,0.00,-2.18,1.12
